1,Radiohead
2,Pink Floyd
3,King Crimson
5,Kendrick Lamar
6,My Bloody Valentine
8,The Beatles
9,The Velvet Underground & Nico
10,David Bowie
12,Madvillain
13,Talking Heads
14,Mingus
16,John Coltrane
18,Black Sabbath
19,Miles Davis
20,The Beach Boys
21,Nas
22,Godspeed You Black Emperor!
23,Neutral Milk Hotel
25,Wu-Tang Clan
27,Kanye West
28,Nick Drake
29,Slint
30,The Cure
32,Joy Division
34,The Smiths
35,Bob Dylan
36,Pixies
37,Led Zeppelin
40,Fishmans
41,Television
42,Portishead
43,Kate Bush
46,The Doors
47,DJ Shadow
50,Yes
51,Slowdive
53,Björk
55,A Tribe Called Quest
56,The Microphones
57,The Jimi Hendrix Experience
59,Stevie Wonder
60,Danny Brown
61,Leonard Cohen
62,Death Grips
63,Sufjan Stevens
65,Swans
66,Elliott Smith
67,Talk Talk
69,Sonic Youth
70,Genius/GZA
71,Frank Ocean
72,The Velvet Underground
74,Marvin Gaye
76,Metallica
80,Can
82,Cocteau Twins
83,Neil Young
84,OutKast
86,Sigur Rós
87,The Stooges
89,Tom Waits
90,The Clash
91,Aphex Twin
93,Arcade Fire
96,Prince and The Revolution
100,J Dilla
102,Frank Zappa
104,The Zombies
105,Massive Attack
106,MF DOOM
107,Nirvana
110,Death
111,Angelo Badalamenti
113,Nine Inch Nails
114,Pharoah Sanders
115,Have a Nice Life
116,Modest Mouse
117,Charles Mingus
119,Sweet Trip
121,Neil Young with Crazy Horse
122,Mobb Deep
123,Milton Nascimento & Lô Borges
125,Eno
126,The Kinks
127,Ennio Morricone
129,Fleetwood Mac
130,The Avalanches
131,The Rolling Stones
133,Love
135,Megadeth
136,George Harrison
137,Curtis Mayfield
138,Iggy and The Stooges
140,Steve Reich and Musicians
141,山岡晃 [Akira Yamaoka]
143,Joni Mitchell
144,The Notorious B.I.G.
148,The Strokes
149,Alice Coltrane featuring Pharoah Sanders
150,Interpol
151,Depeche Mode
152,Joanna Newsom
156,Genesis
157,Boards of Canada
158,Jeff Buckley
160,Prince
161,Creedence Clearwater Revival
162,Daft Punk
163,Built to Spill
164,Smashing Pumpkins
165,Rage Against the Machine
166,"Tyler, the Creator"
167,Belle and Sebastian
168,Iron Maiden
170,Tool
171,Freddie Gibbs & Madlib
172,Judas Priest
173,Slayer
174,The Stone Roses
175,The Who
178,Pavement
179,Novos Baianos
182,Weezer
184,Art Blakey and The Jazz Messengers
185,Van Morrison
186,Jethro Tull
188,Queens of the Stone Age
189,Unwound
190,Burial
191,Dead Kennedys
192,Comus
193,Shiro Sagisu
194,Kraftwerk
196,Vince Guaraldi
198,Fela Ransome Kuti & Africa 70
201,Charlie Mingus
202,Berliner Philharmoniker / Herbert von Karajan
208,Electric Wizard
213,C418
214,Alice in Chains
215,Little Simz
217,Magdalena Bay
218,Converge
220,Townes Van Zandt
221,Wilco
222,Daughters
225,Michael Jackson
226,Gang of Four
227,Opeth
231,Jorge Ben
232,Fela Anikulapo Kuti and Afrika 70
233,Bruce Springsteen
236,Funkadelic
237,Wire
240,Yasunori Mitsuda
241,Herbie Hancock
245,Yoko Kanno / Seatbelts
246,Kyuss
247,Mos Def
248,Nick Cave and The Bad Seeds
249,This Heat
251,Chico Buarque
254,Ornette Coleman
255,Eric Dolphy
256,David Wise
257,Simon and Garfunkel
259,Lou Reed
260,Boris
261,Magnolia Electric Co.
262,近藤浩治 [Koji Kondo]
263,Otis Redding
265,Beastie Boys
266,"増田順一 [Junichi Masuda], 一之瀬剛 [Go Ichinose] & 佐藤仁美 [Hitomi Sato]"
269,Staatsorchester Stuttgart / Lithuanian Chamber Orchestra / The 12 Cellists of the Berlin Philharmonic Orchestra / Dennis Russell Davies / Saulius Sondeckis / Gidon Kremer / Keith Jarrett / Tatjana Grindenko / Alfred Schnittke
272,LCD Soundsystem
274,Deep Purple
276,Gang Starr
277,Wiener Philharmoniker / Carlos Kleiber
279,Rush
280,Steely Dan
285,田中宏和 [Hirokazu Tanaka] & 鈴木慶一 [Keiichi Suzuki]
286,岡部啓一 [Keiichi Okabe] & 帆足圭吾 [Keigo Hoashi]
288,Seatbelts
291,目黒将司 [Shoji Meguro]
292,Artur Rubinstein
293,Kids See Ghosts
294,Burzum
295,Public Enemy
297,The John Coltrane Quartet
298,New York Philharmonic / Leonard Bernstein
299,Camel
301,D'Angelo
302,Nina Simone
303,Howard Shore
304,At the Drive-In
306,植松伸夫 [Nobuo Uematsu]
308,Stan Getz & João Gilberto featuring Antônio Carlos Jobim
309,Viktor Vaughn
311,Duster
312,Coil
315,John Williams / London Symphony Orchestra
316,Car Seat Headrest
318,Mario Galaxy Orchestra
320,三宅優 [Yuu Miyake]
321,The Flaming Lips
322,Organized Konfusion
323,John Williams
324,Invisible
325,John Lennon / Plastic Ono Band
326,R.E.M.
327,Patti Smith
328,Ween
329,Sun Ra
330,Deftones
331,Weyes Blood
334,Paul & Linda McCartney
335,椎名林檎 [Sheena Ringo]
336,Raekwon
337,The Dave Brubeck Quartet
340,Minutemen
342,Glenn Branca
343,Rainbow
346,Stereolab
347,Injury Reserve
349,Brian Eno
350,The Smashing Pumpkins
351,Cryptopsy
352,Yo La Tengo
353,Pulp
355,Gorguts
356,Sonny Rollins
357,Mount Eerie
359,The Roots
360,Sly & The Family Stone
363,久石譲 [Joe Hisaishi]
364,Dinosaur
365,The Replacements
368,Bob Marley & The Wailers
369,Robert Wyatt
370,Fiona Apple
372,Isaac Hayes
376,Wipers
379,T. Rex
380,Geinoh Yamashirogumi
381,Dissection
383,D'Angelo and The Vanguard
385,Sun Kil Moon
386,Captain Beefheart and His Magic Band
388,Cannonball Adderley
389,Hüsker Dü
390,Emperor
391,Van der Graaf Generator
392,Agalloch
393,Neurosis
394,Komeda Quintet
395,The Horace Silver Quintet
396,NoMeansNo
398,Scott Engel
400,Collegium Vocale Gent / Philippe Herreweghe / Ian Bostridge / Franz-Josef Selig / Sibylla Rubens / Andreas Scholl / Werner Güra / Dietrich Henschel
401,The Chameleons
403,Pescado Rabioso
404,The Mahavishnu Orchestra With John McLaughlin
406,Fela & The Africa 70
407,Robbie Basho
408,Glenn Gould
409,Art Blakey & The Jazz Messengers
410,Mastodon
413,青葉市子 [Ichiko Aoba]
414,Mercyful Fate
415,David Wise / Eveline Fischer
416,The Dismemberment Plan
417,"岡部啓一 [Keiichi Okabe], 石濱翔 [Kakeru Ishihama], 帆足圭吾 [Keigo Hoashi] & 隆文西村 [Takafumi Nishimura]"
418,System of a Down
419,Immolation
420,Isis
421,Soft Machine
422,Earl Sweatshirt
423,Columbia Symphony Orchestra / Igor Stravinsky
424,Deltron 3030
425,Parliament
426,Big L
428,大谷幸 [Ko Otani]
430,"Crosby, Stills, Nash & Young"
431,Darkthrone
432,Gil Scott-Heron
434,Lauryn Hill
435,Red House Painters
437,Santana
438,Black Star
439,Gene Clark
441,Sade
442,Ulver
443,Morbid Angel
445,Aretha Franklin
446,Racionais MC's
447,John Eliot Gardiner
449,Jay-Z
450,Natural Snow Buildings
453,Three-6 Mafia
454,Janet
456,Soundgarden
457,"Toby ""Radiation"" Fox"
459,Mr. Bungle
461,John Fahey
462,Berlin Philharmonic Orchestra / Herbert von Karajan / Vienna Singverein / Anna Tomowa-Sintow / Agnes Baltsa / Peter Schreier / José Van Dam
463,Gorillaz
465,Bolt Thrower
469,Fugazi
472,Lil Ugly Mane
473,Basil Poledouris
475,Faith No More
477,Caravan
479,Takács Quartet
482,Dismember
483,Academy of St Martin-in-the-Fields / Neville Marriner
484,PJ Harvey
486,UGK
487,Wiener Philharmoniker / Konzertvereinigung Wiener Staatsopernchor / Karl Böhm / Edith Mathis / Júlia Hamari / Wiesław Ochman / Karl Ridderbusch
489,Philip Glass
493,Duke Ellington
495,Boredoms
497,Concentus Musicus Wien / Wiener Sängerknaben / Arnold Schoenberg Chor / Nikolaus Harnoncourt / Christoph Prégardien / Matthias Goerne / Christine Schäfer / Dorothea Röschmann / Bernarda Fink / Elisabeth von Magnus / Michael Schade / Markus Schäfer / Dietrich Henschel / Oliver Widmer
499,Broken Social Scene
502,Motörhead
503,The Pharcyde
504,Queen
505,The Modern Lovers
506,Caetano Veloso
507,Wiener Philharmoniker / Herbert von Karajan
509,Faust
510,Dead Can Dance
511,NEU!
512,Ramones
514,Weakling
517,The Band
518,Peter Gabriel
519,Clipse
520,Frank Zappa and The Mothers of Invention
523,Jackson C. Frank
525,Elvis Costello
527,Chicago Symphony Orchestra / Georg Solti
528,Thelonious Monk Septet
533,Nujabes
534,The Brave Little Abacus
535,Flying Lotus
537,Drive Like Jehu
539,Sagopa Kajmer
545,Gojira
546,Bob Marley and The Wailers
547,The Congos
548,Dio
550,Exuma
551,Sun Ra and His Arkestra
554,Atheist
556,Astor Piazzolla and The New Tango Quintet
557,New Order
558,片岡真央 [Manaka Kataoka] / 岩田恭明 [Yasuaki Iwata] / 若井淑 [Hajime Wakai]
559,BBC Symphony Orchestra / Colin Davis / John Alldis Choir / Helen Donath / Yvonne Minton / Ryland Davies / Gerd Nienstedt
561,Autopsy
563,Baden Powell & Vinicius de Moraes
565,FLUX Quartet
566,Tatiana Nikolayeva
567,Low
568,XTC
569,Ghostface Killah
570,Immortal
571,Mach-Hommy
572,Spiritualized®
574,Siouxsie and The Banshees
575,Sepultura
578,Nico
581,Animal Collective
582,The Mars Volta
586,Various Artists
589,Nick Cave & The Bad Seeds
590,Common
591,Stars of the Lid
592,Edge of Sanity
593,Fẹla and Afrika 70
594,Wayne Shorter
595,Refused
596,Digable Planets
597,Angelo Badalamenti & David Lynch
598,Wiener Philharmoniker / Wiener Singverein / Herbert von Karajan / Anna Tomowa-Sintow / Helga Müller-Molinari / Vinson Cole / Paata Burchuladze
600,London Sinfonietta / David Zinman / Dawn Upshaw
601,平沢進 [Susumu Hirasawa]
603,Pearl Jam
605,Tears for Fears
606,Cannibal Ox
608,Bathory
609,Don Cherry
611,The Cannonball Adderley Quintet
612,Johnny Cash
614,Farazi v Kayra
616,Violent Femmes
617,The Ornette Coleman Double Quartet
618,The Thelonious Monk Quartet
620,Thin Lizzy
621,Evgeni Koroliov
623,Iggy Pop
624,Snoop Doggy Dogg
625,Gustavo Cerati
626,Sonny Sharrock
629,Lee Morgan
633,Pierre Fournier
634,Ryan Amon
637,山根ミチル [Michiru Yamane]
638,Fleet Foxes
640,Roxy Music
642,Pete Rock & C.L. Smooth
643,光田康典 [Yasunori Mitsuda]
645,Royal Concertgebouw Orchestra / Asko Ensemble / Riccardo Chailly
648,Guided by Voices
652,Gravediggaz
653,Valve Studio Orchestra
655,下村陽子 [Yoko Shimomura]
657,American Football
658,Big Black
659,Paul McCartney & Wings
661,Brand New
662,The Magnetic Fields
663,Candlemass
664,Bernard Herrmann
665,*Namco Consumer Software Sound Team
668,Demilich
672,Polish National Radio Symphony Orchestra / Antoni Wit / Zofia Kilanowicz
673,Grand Valley State University New Music Ensemble
675,Tim Hecker
679,Clint Mansell
680,目黒将司 [Shoji Meguro] / 田崎寿子 [Toshiko Tasaki] / 土屋憲一 [Kenichi Tsuchiya]
682,Silvio Rodríguez
683,Columbia Symphony Orchestra / New York Philharmonic / Leonard Bernstein
684,Tom Zé
685,João Gilberto
688,Erykah Badu
690,LaSalle Quartett
691,Russian State Symphonic Cappella / Valery Polyansky
696,Blind Guardian
697,Nino Rota
698,長沼英樹 [Hideki Naganuma]
699,Walter Carlos
700,Widdly 2 Diddly
701,下村陽子 [Yoko Shimomura] / Manami Kiyota / ACE+
702,King Gizzard and the Lizard Wizard
704,Jeff Rosenstock
705,Duke Ellington / Charlie Mingus / Max Roach
706,McCoy Tyner
707,Steve Reich
708,Misfits
713,Claudio Arrau
716,Grant Green
718,British Sea Power
719,The National
720,Bad Brains
721,Julee Cruise
722,Entombed
723,Sleater-Kinney
724,Reinbert de Leeuw
729,Anthony Braxton
731,Grouper
732,Arditti String Quartet / Dawn Upshaw
737,Helloween
738,Max Roach
739,Pascal Rogé
740,Cartola
741,Mayhem
744,Prefab Sprout
746,Chico Science & Nação Zumbi
747,牛尾憲輔 [Kensuke Ushio]
748,Krystian Zimerman
750,Diamond Head
751,Run the Jewels
754,Serge Gainsbourg
755,Oliver Nelson
756,the pillows
757,Al Green
758,Berlin Philharmonic Orchestra / Herbert von Karajan
760,공중도둑 [Mid-Air Thief]
761,Amon Düül II
765,Buena Vista Social Club
766,Andrew Lloyd Webber & Tim Rice
767,Kirov Orchestra / Valery Gergiev
768,Cleveland Orchestra / Pierre Boulez
770,Deathspell Omega
771,Thelonious Monk
772,Suffocation
773,Maurizio Pollini
774,Sinfonieorchester des Hessischen Rundfunks / Chor des Bayerischen Rundfunks / Sinfonieorchester des Südwestfunks / Michael Gielen / Wolfgang Schubert / Ernest Bour / Liliana Poli / Barbra Ericson / Antoinette Vischer
776,Wishbone Ash
777,King Diamond
779,Renaissance
780,The Mothers of Invention
781,尾形雅史 [Masafumi Ogata] / 幡谷尚史 [Naofumi Hataya]
783,Artillery
784,Jacques Brel
785,渋さ知らズ [Shibusashirazu]
788,Mike Oldfield
790,The Fall
791,Dr. Dre
793,Pestilence
796,Christopher Larkin
799,Carcass
802,仲野順也 [Junya Nakano] / 浜渦正志 [Masashi Hamauzu] / 植松伸夫 [Nobuo Uematsu]
803,Paul Simon
805,Moonsorrow
806,Wiener Philharmoniker / Karl Böhm
807,Pere Ubu
808,PiL
809,Danny Elfman
810,La Petite Bande / Sigiswald Kuijken
812,Elton John
813,Академический симфонический оркестр Московской государственной филармонии / Кирилл Кондрашин [Kirill Kondrashin]
816,Travis Scott
817,Goodie Mob
818,FKA twigs
820,The Mothers
821,Sixteen Horsepower
822,이달의 소녀 오드아이써클 [LOONA ODD EYE CIRCLE]
823,鷺巣詩郎 [Shiro Sagisu]
827,Simon & Garfunkel
828,Queensrÿche
829,Paysage d'Hiver
830,Dusty Springfield
831,Dadawah
832,Nujabes / Fat Jon
835,Beach House
836,Porcupine Tree
837,The Sound
838,Fairport Convention
839,The Allman Brothers Band
840,Alice Coltrane
841,Clifford Brown and Max Roach
844,W.A.S.P.
845,Wilhelm Furtwängler / Ludwig Suthaus / Kirsten Flagstad
846,black midi
849,Emerson String Quartet
851,The Jazz Composer's Orchestra
852,The Blasting Company
853,Pierre Hantaï
854,Jeremy Soule
856,Quatuor Arditti / Aldo Brizzi / Michiko Hirayama / Maurizio Ben Omar / Frank Lloyd
858,Brian Eno with Daniel Lanois & Roger Eno
861,Songs: Ohia
863,Le Mystère des voix bulgares
865,Akira Yamaoka
866,Academy of St Martin in the Fields / Neville Marriner / Alan Loveday
867,Panda Bear
868,Carly Rae Jepsen
869,Sleep
870,The Mountain Goats
871,John Martyn
872,Berliner Philharmoniker / Claudio Abbado / Martha Argerich
874,Pusha T
875,Supertramp
876,Fela Ransome Kuti & The Afrika 70
877,Dexter Gordon
878,Strapping Young Lad
882,Kevin Penkin
883,Miles Davis Quintet
887,Pierre Boulez
890,Andrew Prahlow
892,Steve Roach
894,Mutantes
900,Big Star
901,John Coltrane Quartet
902,The California EAR Unit
903,Ennio Morricone e la sua orchestra
906,Gal Costa
907,Bruno Pernadas
912,Ocean Machine
914,Popol Vuh
915,Carissa's Wierd
916,Scott Walker
919,Pete La Roca
920,奥河英樹 [Hideki Okugawa]
921,New Stockholm Chamber Orchestra / Lev Markiz
922,Avey Tare and Panda Bear
924,Jessie Ware
925,The Pretty Things
928,Nicholas Britell
929,Godspeed You! Black Emperor
930,clipping.
934,De La Soul
935,Candy Claws
936,Incantation
939,Bon Iver
942,Janelle Monáe
943,Blue Öyster Cult
945,Andrew Hill
946,Café Tacvba
947,Os Mutantes
948,Henry Rollins
950,Andrew Lloyd Webber and Tim Rice
951,Brockhampton
955,The Sonny Criss Orchestra
961,New Philharmonia Orchestra / Philharmonia Orchestra / Otto Klemperer / Christa Ludwig / Fritz Wunderlich
963,Belchior
964,Fabrizio De André
968,Steven Osborne
971,Max Roach and His Chorus and Orchestra
973,Acid Bath
975,CunninLynguists
976,Coroner
977,Scarface
978,Demolition Hammer
981,Suede
983,maudlin of the Well
984,Richard & Linda Thompson
986,Klaus Schulze
988,"永田権太 [Kenta Nagata], 若井淑 [Hajime Wakai], 峰岸透 [Toru Minegishi] & 近藤浩治 [Koji Kondo]"
989,Suicide
991,Blondie
993,Roland Kirk
994,Ella Fitzgerald
995,Milton Nascimento
996,The Tale Quartet
998,The Feelies
999,Tim Buckley
1000,David Kauffman & Eric Caboor
1001,Manic Street Preachers
1007,Jefferson Airplane
1008,GAS
1010,Manuel Göttsching
1011,Djeli Moussa Diawara
1012,Bruce Dickinson
1014,Roy Harper
1015,Denzel Curry
1018,Bark Psychosis
1019,The Residents
1021,The Byrds
1022,T2
1023,Tashi
1026,"Crosby, Stills & Nash"
1028,Celtic Frost
1029,Vektor
1031,Fela Ransome-Kuti & The Africa 70
1033,Little Brother
1038,Mort Garson
1041,Silver Jews
1042,Lynyrd Skynyrd
1045,Type O Negative
1046,Triana
1047,Kool G. Rap & D.J. Polo
1050,Morbid Saint
1051,Riot
1052,Grachan Moncur III
1053,The Roland Kirk Quartet
1055,Devo
1056,Sparks
1057,The Pogues
1058,Ice Cube
1059,Dark Angel
1060,Art Ensemble of Chicago
1061,Terry Callier
1062,Jerry Goldsmith
1063,Carole King
1064,Cat Stevens
1066,The Charlie Mingus Jazz Workshop
1067,Sufjan Stevens & Angelo De Augustine
1068,X-Ray Spex
1070,The Moody Blues With The London Festival Orchestra
1071,John Cale
1072,Lingua Ignota
1074,Captain Beefheart and The Magic Band
1076,Luben Yordanoff / Albert Tétard / Claude Desurmont / Daniel Barenboim
1078,Running Wild
1080,ミドリ [Midori]
1082,Kreator
1089,Orchid
1091,Rodriguez
1092,Harmonium
1093,diSEMBOWELMENT
1094,Primordial
1095,川井憲次 [Kenji Kawai]
1098,Berliner Philharmoniker / Wiener Singverein / Herbert von Karajan / Wilma Lipp / Hilde Rössl-Majdan / Anton Dermota / Walter Berry
1099,Autechre
1101,Arthur Verocai
1102,高木正勝 [Masakatsu Takagi]
1105,Pig Destroyer
1107,Joe Henderson
1108,菅野由弘 [Yoshihiro Kanno]
1109,Yusef Lateef
1110,Manilla Road
1111,Alexis Weissenberg
1113,Ground-Zero
1115,Astor Piazzolla y su Quinteto
1117,RCA Victor Symphony Orchestra / Kirill Kondrashin / Van Cliburn
1118,O.C.
1119,JPEGMAFIA
1120,Jackie McLean
1121,Nick Cave and Warren Ellis
1126,"Dizzy Gillespie, Sonny Stitt & Sonny Rollins"
1127,Orchestre et Chœur de la Radio-Télévision Polonaise de Cracovie / Jürg Wyttenbach / Carmen Fournier / Tristan Murail
1129,The White Stripes
1130,Oneohtrix Point Never
1133,Necrophobic
1136,Todd Rundgren
1137,Pierre-Laurent Aimard
1138,Billy Joel
1141,The Jesus and Mary Chain
1142,Nokturnal Mortum
1143,Godflesh
1146,Sonny Clark
1147,Rory Gallagher
1148,Ewa Demarczyk
1149,Charly García
1153,Aldo Ciccolini / Gabriel Tacchino
1154,King Geedorah
1155,The United States of America
1156,Albert Ayler Trio
1158,Xiu Xiu
1161,Lucio Battisti
1162,James Carr
1168,Satan
1169,Arditti String Quartet / Claude Helffer
1173,Roland Kayn
1177,Botch
1178,The Waterboys
1181,Little Richard
1183,Gamma Ray
1185,Mahavishnu Orchestra
1187,John Prine
1192,Cap'n Jazz
1195,Cult of Luna
1196,Uriah Heep
1200,Martha Argerich
1201,Dietmar Wiesner / Markus Hinterhäuser / Robyn Schulkowsky
1204,Savatage
1206,"Floating Points, Pharoah Sanders & The London Symphony Orchestra"
1208,The John Coltrane Quartette
1209,Münchener Kammerorchester / Christoph Poppen / Frances-Marie Uitti
1210,David Holland Quartet
1215,Mark Morgan
1216,Mgła
1219,The Peter Brötzmann Octet
1220,Voivod
1223,Chicago Symphony / Fritz Reiner
1226,Goblin
1227,Hank Mobley
1231,Derek and The Dominos
1233,Robin Trower
1234,Junior Wells' Chicago Blues Band
1236,UC Berkeley Chamber Chorus / The California EAR Unit / Philip Brett / David Abel / Karen Rosenak / William Winant / Dorothy Stone / Arthur Jarvinen / Gaylord Mowrey
1240,Gospel
1242,Quasimoto
1243,Meat Puppets
1245,Tindersticks
1246,Budgie
1247,Ry Cooder
1248,La Máquina de Hacer Pájaros
1250,Julia Holter
1252,Etta James
1253,Cátia de França
1254,Mark Hollis
1256,Richard Jacques
1259,Big K.R.I.T.
1260,Katatonia
1261,Tiamat
1262,Blu & Exile
1268,Kronos Quartet / Pat Metheny
1269,Ryuichi Sakamoto
1275,Against All Logic
1276,Bonnie 'Prince' Billy
1277,Gentle Giant
1279,Tori Amos
1280,Standing on the Corner
1282,Marcos Valle
1287,Alexander Brandon / Michiel van den Bos
1288,Amy Winehouse
1290,Biosphere
1291,The Millennium
1292,放課後ティータイム [Hokago Tea Time]
1294,Bill Withers
1295,Secos & Molhados
1297,Chicago Symphony Orchestra / Fritz Reiner
1299,Anna von Hausswolff
1301,Magazine
1302,Siekiera
1303,Eric B. & Rakim
1304,Captain Beyond
1305,Pain of Salvation
1306,James Brown
1309,Museo Rosenbach
1310,Arthur Russell
1311,Tim Maia
1312,Joe Henderson & Alice Coltrane
1313,Serú Girán
1316,Bauhaus
1318,Jeru the Damaja
1319,Orchestre symphonique de la Radio de Berlin / George Szell / Elisabeth Schwarzkopf
1323,Brian Wilson
1325,Premiata Forneria Marconi
1326,Marillion
1327,Rosetta
1328,Rowland S. Howard
1329,Baby Huey
1330,Freddie Hubbard
1332,Víctor Jara
1334,U2
1337,Steve Hiett
1338,Berliner Philharmoniker / Jonathan Nott
1340,Wojciech Kilar
1343,Testament
1345,Sodom
1346,My Dying Bride
1348,Alban Berg Quartett / Heinrich Schiff
1349,Erasmo Carlos
1350,Martin O'Donnell & Michael Salvatori
1352,The Miles Davis Quintet
1353,Redman
1354,Deerhunter
1359,Warren Zevon
1360,Crimson Glory
1362,Roky Erickson and The Aliens
1363,SOPHIE
1365,Cream
1370,Metal Church
1372,Tomasz Stanko Quintet
1373,King Gizzard & the Lizard Wizard
1374,Marek Grechuta / Anawa
1376,Estonian Philharmonic Chamber Choir / Tallinn Chamber Orchestra / Tõnu Kaljuste
1377,Moondog
1382,Wes Montgomery
1383,Banco del Mutuo Soccorso
1384,Magma
1385,The Wailers
1386,Pete Rock & InI
1389,Devin Townsend
1390,Edu Lôbo
1392,タニウチ ヒデキ [Hideki Taniuchi] / 平野義久 [Yoshihisa Hirano]
1394,Koopsta Knicca
1395,Lula Côrtes e Zé Ramalho
1398,Electric Light Orchestra
1403,The Arrogant Sons of Bitches
1404,The Philip Glass Ensemble
1405,Gil e Jorge
1406,Captain Beefheart & His Magic Band
1409,Dälek
1411,Exodus
1412,Alice Cooper
1418,Duke Ellington and His Orchestra
1423,АукцЫон [Auktyon]
1427,Rahsaan Roland Kirk
1428,"増田順一 [Junichi Masuda], 一之瀬剛 [Go Ichinose] & 青木森一 [Morikazu Aoki]"
1429,La Capella Reial / Jordi Savall / Montserrat Figueras / Guy de Mey / Maria Cristina Kiehr
1431,Heartbreakers
1432,Smif-n-Wessun
1434,Ella Fitzgerald & Louis Armstrong
1435,Arturo Benedetti Michelangeli
1436,Tame Impala
1438,Common Sense
1439,The Gathering
1440,山下達郎 [Tatsuro Yamashita]
1441,Violeta Parra
1442,Beck
1443,A Silver Mt. Zion
1445,John Zorn
1449,Reflection Eternal
1451,Nara Leão
1452,Frank Sinatra
1454,Booker Ervin
1462,Khan
1464,Gilberto Gil
1465,Astor Piazzolla
1466,Current 93
1467,Bohren & der Club of Gore
1468,Discordance Axis
1474,Fela and The Africa 70
1476,Billie Holiday
1477,Willie Colón
1478,Nino Rota / Carmine Coppola
1479,Kero Kero Bonito
1481,Souls of Mischief
1482,Ulcerate
1485,Randy Newman
1486,Son House
1487,Егор и Опизденевшие [Yegor i Opizdenevshie]
1491,Extremoduro
1492,Fugees
1495,ELO
1497,AIR
1499,Giles Corey
1502,Bill Evans
1503,Muddy Waters
1504,UGK (Underground Kingz)
1505,Munly & The Lee Lewis Harlots
1506,Kool G Rap
1507,Van Halen
1510,The Go-Betweens
1513,Monty Python
1516,The Damned
1519,Stevie Ray Vaughan and Double Trouble
1520,John Lee Hooker
1522,The The
1523,Marty Robbins
1524,Daniel Lopatin
1525,Big Brother & The Holding Company
1529,Gris
1531,Peter Hammill
1532,Kingston Wall
1533,Brutality
1534,Eskaton
1535,Arditti String Quartet
1536,Zbigniew Preisner
1543,Philharmonia Orchestra / Philharmonia Chorus / Otto Klemperer / Elisabeth Schwarzkopf / Dietrich Fischer-Dieskau
1554,Overkill
1556,Demigod
1557,Lena Raine
1559,Jeff Wayne
1562,田中宏和 / 濱野美奈子と山本健誌
1563,The Knife
1564,Jon Hopkins
1565,Kayo Dot
1566,Terrorizer
1568,Da Koopsta Knicca
1570,Tortoise
1571,Morphine
1573,Gil Scott-Heron & Brian Jackson
1576,David Sylvian
1577,Big Pun
1578,Franco Battiato
1579,Aaliyah
1580,Änglagård
1582,Toots & The Maytals
1583,Los Jaivas
1584,Lost Horizon
1585,Virgin Steele
1586,Clifford Brown & Max Roach
1587,Jean Michel Jarre
1588,Primus
1590,Scorpions
1593,Mickey Newbury
1595,Nick Cave
1596,Zé Ramalho
1597,Razor
1599,Matt Uelmen
1602,Ritchie Blackmore's Rainbow
1605,Danzig
1606,UFO
1607,Slum Village
1609,Purple Mountains
1611,Possessed
1612,DJ Sprinkles
1616,Ol' Dirty Bastard
1620,Maurice Jarre
1621,The Ronettes
1623,Fela Ransome-Kuti & The Africa '70
1624,Nature and Organisation
1625,The Lord Weird Slough Feg
1628,Paulinho da Viola
1631,The Jesus Lizard
1632,The Blue Nile
1633,The Gladiators
1635,Duke Ellington & John Coltrane
1637,Elvis Costello & The Attractions
1640,Kamelot
1642,Chris Squire
1643,Myslovitz
1644,Groupe de Recherches Musicales de la RTF
1645,Quella Vecchia Locanda
1647,Ella Fitzgerald with Duke Ellington and His Orchestra
1648,Hans Zimmer
1652,The Horace Silver Quintet Plus J. J. Johnson
1654,Nacho Vegas
1655,Patricio Rey y sus Redonditos de Ricota
1656,Sabotage
1661,Prince Paul
1662,椎名林檎 × 斎藤ネコ
1664,Millie Jackson
1665,Blur
1668,Tangerine Dream
1670,Jay Reatard
1671,Paradise Lost
1673,Spirit
1674,Radio Birdman
1676,The Blues Brothers
1679,Oasis
1683,Jim O'Rourke
1687,Eliane Radigue
1688,Gillian Welch
1689,Madrugada
1691,Deafheaven
1692,"Black Country, New Road"
1694,Cardiacs
1695,Ozzy Osbourne
1696,Mitski
1697,CCCP Fedeli alla Linea
1698,Nevermore
1699,T.P. Orchestre Poly-Rythmo de Cotonou - Bénin
1700,Fabio Frizzi
1702,The Cars
1703,Sparklehorse
1704,Patti Smith Group
1705,Shuggie Otis
1706,Picchio dal Pozzo
1707,Eightball & MJG
1709,Paco de Lucía
1711,Ultramagnetic MC's
1712,Main Source
1713,Emmylou Harris
1714,Max Romeo & The Upsetters
1715,The Bill Dixon Orchestra
1717,Yellow Magic Orchestra
1718,Vashti Bunyan
1719,Kenny Burrell
1723,Bill Evans Trio
1724,Black Moon
1728,Chet Baker
1729,Drudkh
1730,Steve Hackett
1731,Paddy McAloon
1732,Esoteric
1733,Green Carnation
1734,The Butterfield Blues Band
1735,The Gil Evans Orchestra
1737,Orchestre National de l'O.R.T.F / Ensemble instrumental de musique contemporaine de Paris / Maurice Le Roux / Konstantin Simonovich / Yuji Takahashi
1738,Pastor T.L. Barrett and the Youth for Christ Choir
1739,The Saints
1740,Tommy Wright III
1741,Camarón
1743,Bar Kokhba
1744,Juggaknots
1746,Gustavo Santaolalla
1747,Toquinho e Vinícius
1748,Estonian Philharmonic Chamber Choir / Paul Hillier
1749,Philip Glass / Robert Wilson
1751,Dream Theater
1752,The Gun Club
1755,Wolves in the Throne Room
1756,Anathema
1757,Lift to Experience
1761,The Newfound Interest in Connecticut
1763,Bobby Hutcherson
1764,Sam Rivers
1766,Magic Sam Blues Band
1767,Charli XCX
1768,Parquet Courts
1769,Sunny Day Real Estate
1772,Willie Nelson
1773,Black Uhuru
1774,Gil Evans
1776,Jon Brion
1777,Orchestre de la Bastille / Myung-whun Chung / Yvonne Loriod / Jeanne Loriod
1778,Cynic
1780,Linda Perhacs
1781,Tom Petty
1782,Stiff Little Fingers
1785,Breakout
1787,Juicy (Juice Manne) Jay
1790,フィッシュマンズ
1792,Lucinda Williams
1794,Culture
1795,The Nitty Gritty Dirt Band
1798,The Chasm
1799,Steve Reich & Musicians
1800,Venetian Snares
1802,Gong
1803,Repulsion
1804,Elis Regina & Antônio Carlos Jobim
1807,石川忠 [Chu Ishikawa]
1808,Klangforum Wien / Sylvain Cambreling
1811,Bobby Bland
1812,Chico Hamilton introducing Larry Coryell
1813,Orchestre et Chœur de la Radio-Télévision Polonaise de Cracovie / Jürg Wyttenbach
1814,of Montreal
1815,Pretty Things
1816,Lenny Valentino
1817,Lucifer's Friend
1818,Keith Jarrett
1819,Robert Rich
1820,Stray
1821,Jim Hall
1822,Lorde
1823,Einstürzende Neubauten
1828,Los Tres
1829,Carla Bley & Paul Haines
1830,Morente & Lagartija Nick
1831,Mississippi John Hurt
1832,Zakir Hussain & Shivkumar Sharma
1837,Lamp
1838,吉村弘 [Hiroshi Yoshimura]
1839,Dragged Into Sunlight
1841,Elza
1842,植松伸夫 [Nobuo Uematsu] / 浜渦正志 [Masashi Hamauzu] / 鈴木光人 [Mitsuto Suzuki]
1844,Yayayi
1848,Idles
1849,Alban Berg Quartett
1851,My Chemical Romance
1855,The Jam
1858,The Ahmad Jamal Trio
1859,Molested
1861,Fotheringay
1865,Janis Joplin
1867,Killing Joke
1868,The Caretaker
1869,Nile
1870,Windir
1877,Reverend Bizarre
1878,Philip Cohran and the Artistic Heritage Ensemble
1879,Jaki Byard
1880,Beverly Glenn-Copeland
1881,The B-52's
1884,Keller Quartett
1885,Peter McConnell
1887,Albert King
1888,Asphyx
1890,Cecil Taylor
1891,National Health
1894,Trevor Jones / Randy Edelman
1896,MGMT
1899,"Dr. John, The Night Tripper"
1901,Lana Del Rey
1902,Echo & The Bunnymen
1903,Neil Young + Crazy Horse
1905,Galaxie 500
1913,Pet Shop Boys
1915,Chicago Transit Authority
1916,Gram Parsons
1917,Area
1919,Judee Sill
1924,Clifford Jordan Quartet
1928,Current Ninety Three
1929,Dead Congregation
1932,The Zbigniew Namysłowski Quintet
1933,Black Alien
1934,Joshua Gordon / Randall Hodgkinson
1935,Cat Power
1936,The Sisters of Mercy
1940,Heltah Skeltah
1941,Jim Croce
1943,Jimmy Smith
1944,Tina Brooks
1945,"Stan Getz, Dizzy Gillespie & Sonny Stitt"
1946,Buddy Guy
1947,The Postal Service
1949,Global Communication
1951,The Upsetters
1953,Enslaved
1954,Riverside
1956,神聖かまってちゃん [Shinsei Kamattechan]
1957,Camp Lo
1959,Vladimir Spivakov / Sergej Bezrodny / Dietmar Schwalke / Alexander Malter
1961,Joan Manuel Serrat
1962,Mogwai
1965,Mississippi Fred McDowell
1966,Grant Kirkhope
1968,Pentagram
1969,Antônio Carlos Jobim
1971,J.J. Cale
1973,Masta Ace
1974,ConcernedApe
1975,Mstislav Rostropovich
1976,Present
1978,X
1980,Hound Dog Taylor & The Houserockers
1982,Phoenix
1984,Company Flow
1988,At the Gates
1993,The Jayhawks
1994,Disillusion
1995,Jimmie Dale & The Flatlanders
1996,Prodigy
2002,The Flying Burrito Bros
2004,Eberhard Weber Colours
2006,Al Di Meola
2007,Pharoahe Monch
2008,Eberhard Weber
2009,Sarah Vaughan
2011,Lô Borges
2012,Number Girl
2014,Polish National Radio Symphony Orchestra (Katowice) / Antoni Wit
2016,瀬上純 [Jun Senoue] / 熊谷文恵 [Fumie Kumatani] / 床井健一 [Kenichi Tokoi]
2018,Robin Guthrie & Harold Budd
2022,Tricky
2025,Siouxsie & the Banshees
2027,Кино [Kino]
2029,Obituary
2031,Lykathea Aflame
2032,Bomb the Music Industry!
2036,Madlib
2038,Christopher Komeda
2040,瀬上純 [Jun Senoue]
2041,Nelson Cavaquinho
2043,Michael Nyman
2045,Alias Conrad Coldwood
2049,Ride
2052,2Pac
2054,In Flames
2056,Ramleh
2057,Warning
2060,Alain Goraguer
2061,EPMD
2062,Hawkwind
2063,Soda Stereo
2064,Getatchew Mekuria & The Ex & Guests
2065,The Pyramids
2067,古代祐三 [Yuzo Koshiro]
2068,Asko Ensemble / WDR Sinfonieorchester Köln / Stefan Asbury / Garth Knox
2069,Fenton Robinson
2072,Flower Travellin' Band
2073,The Soft Machine
2074,Grateful Dead
2078,Sacramentum
2079,Jan Johansson
2080,Kult
2081,Larry Young
2083,IAM
2084,Niños del Cerro
2086,Wowaka
2087,Fela Anikulapo Kuti & His Africa '70
2088,Junior Kimbrough
2089,北村友香 [Yuka Kitamura]
2091,Tiro de Gracia
2092,"Howard Shore, Ornette Coleman & The London Philharmonic Orchestra"
2093,El-P
2095,Sam Cooke
2096,Sequentia
2097,Fela Anikulapo Kuti and the Afrika 70
2098,Spacemen 3
2099,Murmuüre
2102,Peter Tosh
2103,Nektar
2105,竹間淳 [Jun Chikuma]
2107,Freddie King
2108,Max Richter
2109,The Stuttgart State Opera Orchestra & Chorus / Dennis Russel Davies
2110,John Lennon
2114,Between the Buried and Me
2117,Fear Factory
2120,Focus
2121,Gil Scott-Heron/Brian Jackson
2122,Wuthering Heights
2124,Buddy Guy & Junior Wells
2125,Alan Menken / Howard Ashman
2128,Melvins
2129,Contortions / Teenage Jesus and The Jerks / Mars / D.N.A.
2130,Traffic
2131,Tom Petty and The Heartbreakers
2133,Ras Kass
2135,Harold Budd / Brian Eno
2137,Chick Corea
2138,Makaveli
2139,Elizabeth Cotten
2140,Moacir Santos
2145,Françoise Hardy
2147,Ijahman
2149,16 Horsepower
2150,Jonny Greenwood
2151,Ravi Shankar
2152,The Ornette Coleman Quartet
2158,Kamasi Washington
2159,Anthrax
2160,The Field
2161,Bob Dylan & The Band
2165,Kent
2166,Willie Colón & Rubén Blades
2167,Lee Moses
2168,Mal Waldron with Eric Dolphy and Booker Ervin
2169,Sonny Clark Trio
2174,Morrissey
2178,Colosseum
2180,Mulatu Astatke featuring Fekade Amde Maskal
2181,Dinal
2182,John Barry
2184,Clarence Clarity
2185,The Sonics
2187,mewithoutYou
2188,Ved Buens Ende.....
2189,Deicide
2190,Trent Reznor and Atticus Ross
2191,The Left Banke
2195,Chuck Berry
2196,Jay Munly
2198,Baden Powell
2199,Marcin Przybyłowicz & Mikolai Stroinski
2200,Эдуард Артемьев [Eduard Artemyev]
2201,戸張大輔 [Daisuke Tobari]
2204,Mad Season
2205,Orbital
2207,Arcturus
2209,Orphaned Land
2211,Steeleye Span
2212,Willie Dixon
2217,Cornelius
2218,The Dillinger Escape Plan
2219,Toumani Diabaté With Ballaké Sissoko
2221,Corea
2222,Аспид [Aspid]
2223,The Abyssinians
2224,Showbiz & A.G.
2225,Annihilator
2226,Angel Witch
2227,Accept
2230,Manfred Mann's Earth Band
2233,Pappo's Blues
2234,Orquesta Sinfónica de Galicia / José Ramón Encinar
2235,Aloys Kontarsky / Harald Bojé / Johannes Fritsch / Alfred Alings / Rolf Gehlhaar / J.-F. Jenny-Clark / Jean-Pierre Drouet / Carlos Roqué Alsina / Michel Portal / Péter Eötvös / Herbert Henck / Michael Vetter / Karlheinz Stockhausen
2237,Buffalo
2239,Fausto
2241,Eddie Palmieri
2244,The Isley Brothers
2245,Underworld
2247,Devon Hendryx
2248,Hatfield and the North
2249,Free
2251,Dawn
2254,Bill Callahan
2255,Daniel Johnston
2256,Life Without Buildings
2257,Dark Tranquillity
2259,Metá Metá
2261,José Afonso
2263,Labÿrinth
2264,Adoniran Barbosa
2266,The Can
2267,George Clanton
2268,Roy Buchanan
2270,The Angelic Process
2272,Captain Beefheart & The Magic Band
2273,Mass of the Fermenting Dregs
2274,David Crosby
2275,Rod Stewart
2276,The Pentangle
2278,Portraits of Past
2279,The Necks
2281,芸能山城組 [Geinoh Yamashirogumi]
2282,Drive-By Truckers
2283,Grammatik
2284,Steve Hillage
2285,Czesław Niemen
2286,SpongeBob SquarePants
2292,Mission of Burma
2295,The Devin Townsend Band
2297,Minnie Riperton
2299,Luther Allison
2300,Playboi Carti
2303,Eminem
2304,파란노을 [Parannoul]
2305,Nails
2310,Ne Obliviscaris
2315,Ten Years After
2316,The Coup
2317,Guy Clark
2321,Armia
2322,The Geto Boys
2326,Aki Takahashi
2328,Alceu Valença
2329,Avishai Cohen Trio
2330,Quilapayún
2331,John Carpenter & Alan Howarth
2334,cLOUDDEAD
2338,Bill Evans & Jim Hall
2339,Billy Cobham
2340,Saxon
2342,The Ruins of Beverast
2343,Disasterpeace
2344,Eddie Henderson
2347,The Radio Dept.
2351,Keef Hartley Band
2355,Lurker of Chalice
2356,Pagan Altar
2357,Angra
2359,Steel Mill
2360,Bill Hicks
2361,Flamengo
2362,Jards Macalé
2364,Shellac
2365,Billy Woods & Kenny Segal
2366,Yellow Swans
2367,Pretenders
2371,Simple Minds
2372,Insomnium
2373,Jonathan Richman
2375,Catherine Ribeiro + Alpes
2377,Jericho
2378,Vince Guaraldi Trio
2381,Buffalo Springfield
2383,Lloyd Cole and The Commotions
2384,Billie Holiday & Ray Ellis and His Orchestra
2388,Oingo Boingo
2392,Leo Kottke
2395,Holy Terror
2396,Shakti With John McLaughlin
2399,Discharge
2401,Jimmy Eat World
2402,Tubeway Army
2404,Symphony X
2407,The Tallis Scholars / Peter Phillips
2408,Curtis Fuller's Quintet
2409,Ry Cooder & V.M. Bhatt
2410,Ali Farka Touré
2411,KCE Japan Sound Team
2412,Seat Belts
2414,Terry Riley
2415,Moor Mother & Billy Woods
2416,Emitt Rhodes
2418,Thomas Newman
2419,Rubén González
2424,Henry Flynt
2427,Luciano Cilio
2428,Death Angel
2429,Today Is the Day
2432,Todd Edwards
2433,Hugh Mundell
2434,Steve Reid featuring The Legendary Master Brotherhood
2435,The Lester Young - Teddy Wilson Quartet
2436,Vig Mihály
2437,American Symphony Orchestra / Leopold Stokowski
2439,Destroyer
2440,Four Tet
2446,Laura Nyro
2447,Terry S. Taylor
2448,Garoad
2449,The Soft Boys
2452,Negură Bunget
2454,Iced Earth
2458,Dillard & Clark
2459,Aimee Mann
2462,Solomon Burke
2464,Joel
2465,Heavy Load
2469,Elder
2470,Darkspace
2471,Dog Faced Hermans
2473,James Horner
2476,The Tuss
2478,Kingpin Skinny Pimp
2481,The God Machine
2482,Ensemble of Unique Instruments / Danlee Mitchell
2487,N.W.A
2490,福居良 [Ryo Fukui]
2493,The KLF
2494,Agent Orange
2495,Golden Earring
2496,Omen
2499,Yabby You
2501,Modrý Efekt & Radim Hladík
2502,Crack
2506,Neko Case
2508,N.O.D.
2512,Blood Incantation
2513,Einstuerzende Neubauten
2514,Trouble
2517,The Supremes
2521,The Mighty Diamonds
2522,Laugh & Peace
2526,London Symphony Orchestra / John Barbirolli / Jacqueline du Pré / Janet Baker
2527,"Matt Stone, Robert Lopez & Trey Parker"
2531,The Specials
2534,Nasum
2535,Charlie Haden
2537,Young Marble Giants
2538,Grandaddy
2539,Harold Budd
2540,KMD
2541,Blackalicious
2543,Infester
2547,Elvis Presley
2552,Willie Hutch
2553,Madredeus
2555,Genesis Owusu
2556,Oranssi Pazuzu
2557,The Sundays
2568,13th Floor Elevators
2570,Joe Jackson
2571,Leprous
2572,The Moody Blues
2573,Frumpy
2574,Sui Generis
2575,Supersister
2576,Ścianka
2577,Fates Warning
2578,DJ Quik
2579,Tee Lopes
2580,Skip James
2582,Brian Eno-David Byrne
2583,Dinosaur Jr
2585,PRMLSCRM
2586,DJ Sabrina the Teenage DJ
2587,The Wrens
2588,Summoning
2592,Syd Barrett
2594,Teenage Fanclub
2595,William Basinski
2598,Eyehategod
2599,Rudimentary Peni
2600,Nazareth
2603,Avantasia
2604,Klaus Mitffoch
2606,Heldon
2609,Culpeper's Orchard
2610,Cargo
2612,Raul Seixas
2613,Charley Musselwhite
2615,Kenny Dorham
2617,Quarteto Nôvo
2618,Vampire Weekend
2623,Insect Warfare
2624,Ryan Adams & The Cardinals
2625,Mick Gordon
2626,Mike Bloomfield / Al Kooper / Steve Stills
2628,Mansun
2629,Triple Six Mafia
2634,Madonna
2635,Mercury Rev
2636,Laurie Anderson
2638,death's dynamic shroud.wmv
2641,The Angels of Light
2646,Los Planetas
2647,Al Stewart
2652,Therion
2655,Ensemble intercontemporain / Pierre Boulez / Jean-Guihen Queyras / Saschko Gawriloff / Pierre-Laurent Aimard
2656,Sidney Gish
2659,Solitude Aeturnus
2660,Taste
2661,Nucleus
2662,Carlos Paredes
2663,Psychotic Waltz
2668,Aesop Rock
2669,Aphrodite's Child
2671,Mclusky
2672,Harold Budd / Brian Eno with Daniel Lanois
2673,They Might Be Giants
2676,Thelonious Monk With John Coltrane
2678,SPK
2680,Donald Byrd
2681,Rippikoulu
2682,Gorement
2683,Carol of Harvest
2684,SBB
2685,Ashbury
2687,Caifanes
2688,Drawn and Quartered
2689,Andy Irvine & Paul Brady
2690,Big Mama Thornton
2692,Rammstein
2694,Orchestral Manœuvres in the Dark
2695,Леонид Фёдоров [Leonid Fedorov]
2696,Taj Mahal
2697,Africa Express
2698,Warlord
2700,Les McCann
2702,The Devin Townsend Project
2704,Maanam
2705,Gaelle
2706,Батюшка [Batushka]
2709,Down
2712,Nusrat Fateh Ali Khan
2714,Nocturnus
2715,Blut aus Nord
2717,Burning Spear
2721,Tats Yamashita
2722,Dystopia
2723,Waylon Jennings
2724,Phoebe Bridgers
2726,The Go! Team
2727,Vio-Lence
2728,Little Feat
2729,Kristofer Maddigan
2731,The Jazz Messengers
2733,Julius Hemphill
2734,José Cid
2737,Lightning Bolt
2738,Natalia Lafourcade
2739,Tuxedomoon
2748,Steve Earle
2749,John Mayall
2750,Cockney Rebel
2752,Deathspell Omega / S.V.E.S.T.
2753,Louis Armstrong and His All-Stars
2756,Dire Straits
2757,Jaco Pastorius
2759,KRS-One
2761,J-Live
2762,Lech Janerka
2764,Maneige
2765,The Toms
2767,Edan
2768,Amorphis
2769,Buzzcocks
2770,ROME
2772,Księżyc
2773,Justin Hurwitz
2774,Groundhogs
2778,B.B. King
2779,Luis Alberto Spinetta
2780,Pezet-Noon
2781,Arctic Monkeys
2783,Loreena McKennitt
2785,Harry Gregson-Williams & 日比野則彦 [Norihiko Hibino]
2788,Colin Stetson
2791,Solaris
2792,Richard Thompson
2793,Show & A.G.
2794,Ton Steine Scherben
2795,Peste Noire
2799,Bubu
2801,Catch Twenty-Two
2803,The Andrzej Trzaskowski Quintet
2804,Lole y Manuel
2805,Billy Harper
2813,Janet Jackson
2815,Colin Newman
2817,The Meters
2820,The Sweet
2823,God
2825,Bekëth Nexëhmü
2827,Coleman Hawkins & Ben Webster
2828,Cliff Jordan and John Gilmore
2829,Keith Rowe
2830,SWR Sinfonieorchester Baden-Baden und Freiburg / ORF Radio-Symphonieorchester Wien / Sylvain Cambreling / Dennis Russell Davies / Friedrich Cerha
2831,Booker Little
2834,Lisa Germano
2836,Bunny Wailer
2837,Alain Bashung
2838,Montrose
2844,His Hero Is Gone
2846,Grant Lee Buffalo
2847,Hailu Mergia & Dahlak Band
2850,Bert Jansch
2852,Spinetta
2853,Chico Buarque de Hollanda
2855,Tomasz Stanko Septet
2856,Jack DeJohnette
2857,Freddie Gibbs & The Alchemist
2859,Clint Mansell Featuring Kronos Quartet
2860,Smog
2861,Art Blakey's Jazz Messengers
2862,Studio Pixel
2863,Alvvays
2874,Moonspell
2876,Dan Swanö
2878,Masterplan
2879,The Rutles
2880,Ed Harrison
2881,Jag Panzer
2884,Consorzio Suonatori Indipendenti
2886,Johnny Hobo and the Freight Trains / ManTits
2887,Łona
2888,Matthew Halsall & The Gondwana Orchestra
2889,Os Paralamas do Sucesso
2890,Horace Silver Quintet
2891,Duke Ellington & Johnny Hodges
2892,Monks
2893,Liz Phair
2896,The Black Crowes
2898,Bacamarte
2900,The Don Ellis Orchestra
2901,Catherine Ribeiro + 2 Bis
2902,Michael Andrews
2903,Master's Apprentices
2905,Los Prisioneros
2906,Morte Macabre
2911,Trettioåriga kriget
2913,Black Flag
2914,Adramelech
2915,Battiato
2919,Doris Duke
2920,Otis Spann
2922,Ministry
2924,The D.O.C.
2929,Almendra
2930,Kris Kristofferson
2931,Louis Armstrong
2932,Return to Forever featuring Chick Corea
2933,Furia
2935,Spring
2938,Johnny Winter
2939,CMX
2942,The Olivia Tremor Control
2945,Atomic Rooster
2947,Noah Howard
2948,Lhasa
2949,Hell
2950,The Horace Silver Quintet & Trio
2951,Fela
2953,Elis Regina
2954,Stan Getz
2958,Lords of the Underground
2959,Linton Kwesi Johnson
2960,Masta Ace Incorporated
2963,Amon Tobin
2964,Nick Lowe
2965,Skepticism
2966,Grand Funk
2970,Whiskeytown
2973,Keith Rowe & John Tilbury
2975,Canned Heat & John Lee Hooker
2976,Dorival Caymmi
2978,Chicken Shack
2979,Kronos Quartet
2982,Matt Elliott
2983,Thinking Fellers Union Local 282
2984,City of Caterpillar
2986,Wilson Pickett
2992,Gavin Bryars
2995,Jan Garbarek - Bobo Stenson Quartet
2997,Sabbat
2998,Assück
3000,Shape of Despair
3004,Carmine Coppola & Francis Ford Coppola
3007,La Dispute
3013,Le Orme
3014,George Russell Sextet
3015,Univers Zéro
3016,"""Blue"" Gene Tyranny"
3018,Biglietto per l'Inferno
3019,Pat Metheny Group
3020,Ali Farka Touré & Toumani Diabaté
3021,Milton
3022,El Niño Gusano
3023,Jody Grind
3024,Michael McCann
3026,The Oscar Peterson Trio
3030,Gary Numan
3033,Ashra
3039,Tomasz Stańko Quintet
3042,Virus
3043,Gov't Mule
3044,These Immortal Souls
3047,Terry Allen
3048,The Innocence Mission
3049,AC/DC
3050,Shabazz Palaces
3052,Il Balletto di Bronzo
3054,Mount Eerie with Julie Doiron & Fred Squire
3057,High Tide
3060,Brutal Truth
3064,Demon Fuzz
3065,Transatlantic
3067,Ann Peebles
3071,Vox Dei
3072,АукцЫон
3073,Johnny Burnette & The Rock 'n Roll Trio
3074,Julian Priester Pepo Mtoto
3077,Blind Faith
3080,M.I.A.
3082,Satyricon
3083,(The) Melvins
3084,Septicflesh
3087,Stratovarius
3088,Bill Fay
3089,Manfred Schoof
3091,Strawbs
3092,Nic Jones
3093,Oliver Nelson with Eric Dolphy
3095,Gösta Berlings Saga
3096,Mew
3097,공중도덕
3099,Nancy Sinatra & Lee Hazlewood
3100,Billy Woods
3101,Blackout
3102,Operation Ivy
3103,Ayreon
3105,Samla Mammas Manna
3106,Helstar
3108,Mista D.J. Paul
3110,Betty Davis
3111,Mountain
3113,John Abercrombie
3114,きくお [Kikuo]
3116,増田順一 [Junichi Masuda]
3117,Paris
3118,Henry Mancini
3121,Ezhel
3123,Art Blakey and the Jazz Messengers
3125,Mac Miller
3126,Squid
3127,The Pop Group
3128,Kylie
3131,Jeff Beck
3133,Art Pepper
3135,Christian Vander
3136,Ark
3137,T-Bone Walker
3139,pageninetynine
3140,Ben Folds Five
3141,森田童子 [Douji Morita]
3142,Spooky Tooth
3144,Świetliki
3145,Neal Morse
3148,Lalo Schifrin
3149,Zbigniew Seifert
3151,Scraping Foetus Off the Wheel
3155,Walrus
3156,Stan Getz & Luiz Bonfá
3157,Death Toll 80k
3158,Prince Lasha & Sonny Simmons
3161,John Mayall With Eric Clapton
3162,Charles Mingus and His Jazz Groups
3164,The Stranglers
3166,Scientist
3167,Embryo
3168,12 Rods
3169,Envy
3171,Jason Isbell
3172,Graham Parker
3174,Onyx
3176,Poet and the Roots
3177,Bud Powell
3178,DJ Paul & Lord Infamous
3179,The Art Tatum-Ben Webster Quartet
3180,John Hiatt
3181,Robert Pollard With Doug Gillard
3185,Ornatos Violeta
3186,Hermann Nitsch
3187,Bernard Parmegiani
3188,Mica Levi
3192,Kenny Drew
3193,Willis Alan Ramsey
3198,Supergrass
3199,Origami Angel
3200,Robert Ashley
3201,Force of Nature / Nujabes / Fat Jon
3202,Phil Ochs
3204,"АукцЫон [Auktyon], Marc Ribot, John Medeski, Ned Rothenberg, Frank London & Владимир Волков [Vladimir Volkov]"
3206,Estas Tonne
3207,Savoy Brown
3210,Donny Hathaway
3211,Caymmi
3212,Hammers of Misfortune
3213,Coin locker kid
3214,Jumbo
3215,Os Tincoãs
3219,Flotation Toy Warning
3223,Broadcast
3224,The Unicorns
3225,Ash Ra Tempel
3226,Chick Corea and Return to Forever
3227,Lee Hazlewood
3228,Stephen Stills / Manassas
3229,New Model Army
3231,Mournful Congregation
3232,Donald Byrd Band & Voices
3234,Crucis
3237,Edu Lobo
3240,Maria del Mar Bonet
3242,Anderson .Paak
3243,Death Cab for Cutie
3245,The Prodigy
3249,Valium Aggelein
3250,Trees
3251,Crowbar
3253,언니네이발관 [Sister's Barbershop]
3254,"Stanley Clarke, Al Di Meola & Jean-Luc Ponty"
3255,Paul Kelly and the Coloured Girls
3261,Lou Reed & John Cale
3263,Uncle Tupelo
3264,Toumani Diabaté
3265,Titãs
3268,Avishai Cohen
3270,Roy Haynes Quartet
3272,Ecco2K
3273,Killer Mike
3275,Women
3277,David Thomas Broughton
3279,Henry Cow
3281,Nilsson
3282,Clutch
3283,Cirith Ungol
3285,Westside Gunn
3287,Eloy
3288,Hoedh
3289,Lady Pank
3291,Elio e le Storie Tese
3292,Manfred Mann Chapter Three
3293,Julian Jay Savarin
3294,Duke Ellington & Coleman Hawkins
3296,Ian Matthews
3297,Gato Barbieri
3298,Ben Webster & Oscar Peterson
3300,Hole
3302,tricot
3305,Beth Gibbons & Rustin Man
3308,Buddy Holly
3309,Dün
3310,Fields of the Nephilim
3311,John Coltrane and Johnny Hartman
3312,Sadus
3313,Kvist
3314,Rodrigo y Gabriela
3315,Roberta Flack
3317,Mary Margaret O'Hara
3320,Leevi and the Leavings
3322,The Shins
3324,Lianne La Havas
3325,The Durutti Column
3327,Kool G Rap & DJ Polo
3328,Motorpsycho
3329,The Impressions
3331,Ibrahim Ferrer
3332,Satin Whale
3333,One Be Lo
3334,Los Fabulosos Cadillacs
3336,Rancid
3337,Harmonia
3340,Boldy James & Sterling Toles
3341,KOTO
3342,Rotting Christ
3346,Howlin' Wolf
3348,Solstice
3349,"Keiichi Suzuki, Hirokazu Tanaka"
3351,Adrianne Lenker
3353,toe
3356,Donna Summer
3357,WAR
3358,Forbidden
3361,Augustus Pablo
3362,Archie Shepp
3363,Richard Hawley
3366,Kleenex Girl Wonder
3367,Marek Grechuta & Anawa
3368,Threshold
3370,Okkervil River
3371,Paul McCartney
3374,Count Basie and His Orchestra
3375,Juçara Marçal
3376,Doc Watson
3377,Time Machines
3381,Dolly Mixture
3382,The Faith / Void
3384,John Carpenter
3386,Maxwell
3387,Alice Coltrane With Strings
3388,Osanna
3390,Junior Delahaye
3391,Hermann Szobel
3392,Raw Material
3393,Bk'
3395,Irma Thomas
3397,Alice Coltrane-Turiyasangitananda
3398,e.s.t.
3405,John Carpenter in Association With Alan Howarth
3409,Oceansize
3410,Earth & Fire
3411,Eels
3415,Thy Catafalque
3416,The Weakerthans
3420,Diamond and The Psychotic Neurotics
3421,Novembre
3423,Pekka Pohjola
3425,Circus
3426,Thelonious Monk Quintet
3427,Bruce Cockburn
3430,Cristobal Tapia de Veer
3432,Behemoth
3433,Melt-Banana
3434,Japan
3436,Eddie Vedder
3439,Kaleidoscope
3440,Jellyfish
3441,Woven Hand
3442,The Church
3443,Republika
3444,Four Tops
3447,Jerry Garcia
3448,The Tea Party
3451,Benny Carter and His Orchestra
3452,Claudio Lolli
3454,The Streets
3455,Alex G
3458,Helen Merrill
3459,Гражданская оборона [Grazhdanskaya Oborona]
3464,Brötzmann / Van Hove / Bennink
3465,Michael Pisaro / Greg Stuart / Patrick Farmer / Joe Panzner / Toshiya Tsunoda
3468,Sugar
3469,Failure
3471,Streetlight Manifesto
3472,YMO
3473,Meshuggah
3476,Vader
3478,Ini Kamoze
3481,Truth and Janey
3482,Art Blakey Jazz Messengers
3483,Jason Falkner
3485,Keith Hudson
3486,Lavender Country
3487,Harem Scarem
3488,Alphonse Mouzon
3489,Darren Korb
3490,Masada
3493,Monster Magnet
3498,C'est la Key
3500,Scald
3501,The Keith Tippett Group
3503,Champion Jack Dupree
3504,Order From Chaos
3505,Arthur Blythe
3506,Kapela ze Wsi Warszawa
3508,Orchester der Beethovenhalle Bonn / The Hilliard Ensemble / Paul Hillier / Dennis Russell Davies
3511,Sloche
3512,The Max Roach Trio featuring the Legendary Hassan
3513,"Kenny Wheeler, Lee Konitz, Dave Holland & Bill Frisell"
3515,Alcest
3516,Sons of Kemet
3518,Hum
3521,Taake
3522,Magrudergrind
3523,Hoodoo Gurus
3525,Fẹla Ransome-Kuti and The Africa 70
3526,Locanda delle Fate
3528,Deathrow
3529,Wayne Jarrett
3531,Mezquita
3532,Andrew Lloyd Webber
3533,Янка [Yanka]
3534,Tohru Aizawa Quartet
3536,Tomasz Stańko
3537,Metro
3539,Sebastian Hardie
3541,After the Burial
3542,advantage Lucy
3543,Bill Conti
3546,Lupe Fiasco
3547,The Cramps
3550,Sigh
3551,Sebadoh
3552,Swell Maps
3555,２８１４
3556,The Decemberists
3560,Spinetta Jade
3561,Nat Adderley
3562,Fred Wesley and the J.B.'s
3565,St. Vincent
3566,Sir Lord Baltimore
3567,Master's Hammer
3568,Sanctuary
3569,Eric Dolphy Quintet
3571,Ramshackle Glory
3574,Echo and The Bunnymen
3575,Richard Hell & The Voidoids
3576,Christoph de Babalon
3577,Cult of Luna and Julie Christmas
3583,The Paul Butterfield Blues Band
3584,Armageddon
3585,Triumvirat
3586,Team Dresch
3587,Robbie Băsho
3590,Coleman Hawkins
3591,The Cracow Klezmer Band
3592,Fantasy
3593,Som Imaginário
3595,The Alan Parsons Project
3596,Wintersun
3598,Louis Moholo Octet
3599,Cluster
3603,Carnage
3607,Choking Victim
3608,McDonald and Giles
3609,Elton John / Tim Rice / Hans Zimmer
3610,Mark Lanegan
3612,Saint Vitus
3614,Irish Coffee
3616,Wussy
3617,Steven Wilson
3618,Bright Eyes
3624,Los Hermanos
3626,La Maldita Vecindad y los Hijos del Quinto Patio
3627,M.I.A. (Músicos Independientes Asociados)
3629,Jens Lekman
3630,Ryan Adams
3634,Skycamefalling
3635,Sumo
3639,Crowded House
3641,Evoken
3644,Sortilège
3646,Galneryus
3648,Brass Ensemble Staatsorchester Stuttgart / The Hilliard Ensemble / Dennis Russell Davies / Gidon Kremer / Vladimir Mendelssohn / Thomas Demenga
3649,Heavens Gate
3652,Anthony Davis
3653,Eero Koivistoinen Music Society
3655,bloodthirsty butchers
3656,Horace Tapscott Quintet
3660,PMMP
3661,Puressence
3662,Heavenly
3663,M Efekt
3665,John Larkin
3666,Spellling
3669,New York Dolls
3670,The Tragically Hip
3672,Spiritualized
3673,Tenhi
3679,Michael Hurley
3680,Non Phixion
3681,The Protomen
3682,Tonton Macoute
3684,Lucio Dalla
3687,Konzerthaus Kammerorchester Berlin / André de Ridder / Daniel Hope
3689,Pinback
3691,Dolly Parton
3693,Polaris
3694,Vinterland
3696,Pentangle
3698,KAT
3699,Secret Chiefs 3
3700,Indian Summer
3702,Alquin
3703,Georges Brassens
3705,Muse
3709,Michael Chapman
3710,Lunatic
3711,Tomasz Stanko Quartet
3713,John Frusciante
3716,The Gerogerigegege
3717,Beat Konducta
3718,Spock's Beard
3719,Lily Chou-Chou
3720,October Tide
3721,John Mayall and The Bluesbreakers
3723,Devil Doll
3728,菅野よう子 [Yoko Kanno]
3729,Joe Farrell
3731,Primal Scream
3732,Pantera
3734,春ねむり [Haru Nemuri]
3736,Doopees
3738,Dark
3739,Slaughter
3740,Vlad Tepes / Belkètre
3741,Ange
3742,Unida
3743,Maxophone
3744,Di Melo
3746,Sacred Blade
3747,Pete Brown & Piblokto!
3749,"Albert Collins, Robert Cray & Johnny Copeland"
3750,Abel Korzeniowski
3751,Mazzy Star
3752,Boston
3758,AZ
3759,The Drones
3761,David Lynch & Alan R. Splet
3762,The Dukes of Stratosphear
3764,Jun Konagaya
3765,Funebrarum
3766,Falconer
3768,Micah P. Hinson
3770,Red Dog
3771,IQ
3772,Big Big Train
3773,Dusk
3776,Cannonball Adderley With Bill Evans
3778,Héroes del Silencio
3781,Sandy Denny
3782,David S. Ware Quartet
3786,Jonathan Richman & The Modern Lovers
3791,Machine Head
3797,...And You Will Know Us by the Trail of Dead
3798,My Morning Jacket
3801,Francis Albert Sinatra & Antônio Carlos Jobim
3802,The Dear Hunter
3806,Benny the Butcher
3807,Pure Reason Revolution
3810,East of Eden
3811,Tristania
3814,Eddie and the Hot Rods
3815,Leño
3817,Roine Stolt
3819,Belle & Sebastian
3820,Cure
3821,ZZ Top
3824,The Gaslight Anthem
3825,Sinéad O'Connor
3826,dEUS
3827,Mark Lanegan Band
3828,Squeeze
3829,pg.99
3830,Vangelis Papathanassiou
3831,The Divine Comedy
3833,Erkin Koray
3834,Jan Dukes de Grey
3835,Anacrusis
3836,Frontierer
3838,Cressida
3840,Jason Lescalleet
3841,Syl Johnson
3842,Brown and Roach
3843,Axe
3844,Duke Ellington & Count Basie
3845,Power of Zeus
3846,東京事変 [Tokyo Jihen]
3847,Old 97's
3848,The Wildhearts
3849,MC Solaar
3850,David Murray Octet
3851,Cheer-Accident
3852,The Neal Morse Band
3853,Lisabö
3854,Weatherday
3857,England
3859,Nat 'King' Cole and His Trio
3861,Marek Grechuta
3864,Tracy Chapman
3868,Bryan Ferry
3869,Ali Farka Touré With Ry Cooder
3870,The Wedding Present
3877,!T.O.O.H.!
3878,Reigning Sound
3879,Phideaux
3880,Culprate
3886,Antony and the Johnsons
3887,Fennesz
3888,"Julie Driscoll, Brian Auger & The Trinity"
3891,Chuck Person
3892,Contortions
3896,Deepchord Presents Echospace
3899,Sam & Dave
3900,Léo Ferré
3901,Sun Ra & His Solar Arkestra
3902,James Gang
3904,On the Might of Princes
3906,Hans Zimmer / Lisa Gerrard
3908,Cock Sparrer
3909,Áine O'Dwyer
3911,Theatre of Voices / Paul Hillier
3913,Chelsea Wolfe
3915,The Dillards
3918,OMD
3919,MIKE
3920,Weather Report
3921,Ihsahn
3925,Windy & Carl
3930,Night Sun
3931,Arti & Mestieri
3933,Vicious Rumors
3934,Prolapse
3936,Thinking Plague
3937,Fela Anikulapo Kuti & Egypt 80
3938,Sandy Bull
3940,Halford
3941,Fela Aníkúlápó Kuti and Afrika 70
3943,Radwimps
3944,Hunger
3945,"Frank Sinatra, Count Basie and His Orchestra"
3947,Timeless Miracle
3950,Bloc Party
3951,Protomartyr
3952,Dean Blunt
3957,dredg
3959,Everything Everything
3960,Jesu
3962,Richard Dawson
3967,凛として時雨 [Ling Tosite Sigure]
3968,Josh Rouse
3970,Dewan Motihar Trio / Irène Schweizer Trio / Manfred Schoof / Barney Wilen
3974,Spirogyra
3975,Royal Hunt
3977,Dick Gaughan
3978,Kiko Veneno
3979,Sex Pistols
3980,Wolf Parade
3982,Haken
3984,Ensiferum
3987,Leviathan
3988,Noir désir
3991,Infernäl Mäjesty
3992,"Michael Hurley, The Unholy Modal Rounders, Jeffrey Fredericks & The Clamtones"
3993,Celeste
3994,Lowrider
3995,Red Hot Chili Peppers
4001,Malevolent Creation
4002,Mellow Candle
4004,Candi Staton
4005,Discipline
4006,Huun-Huur-Tu
4007,Steven Jesse Bernstein
4009,R.A.P. Ferreira
4010,Yndi Halda
4012,Be'lakor
4013,Kylie Minogue
4017,Go-Betweens
4018,Evergrey
4019,Anthony Phillips
4023,Shadow Gallery
4024,Pete Rock
4025,Hopesfall
4026,Sacrifice
4027,Guthrie Govan
4028,Iris DeMent
4029,Zamla Mammaz Manna
4030,Fifth Angel
4031,The Ex
4032,D-Clone
4033,Larry Coryell
4035,"Shivkumar Sharma, Brij Bhushan Kabra & Hariprasad Chaurasia"
4038,Thelonious Monk Trio
4039,Chris Isaak
4040,Acrimony
4041,Yann Tiersen
4043,Bob Theil
4046,Lemon Demon
4047,Nuno Canavarro
4048,Dungen
4050,Stan Getz & Charlie Byrd
4051,Ben Folds
4053,Novalis
4055,Dolorian
4057,Barón Rojo
4059,Bob Becker / Russ Hartenberger / Garry Kvistad / Glen Velez / Edmund Niemann / Nurit Tilles / Kory Grossman / James Preiss / Bill Ruyle / William Trigg
4062,The Stylistics
4063,The Incredible String Band
4067,Residents
4069,Kansas
4070,Anthony Williams
4071,Dr. Octagon
4072,ማሕሙድ ኣሕመድ [Mahmoud Ahmed]
4074,Flamin' Groovies
4075,Laddio Bolocko
4076,Carlos Santana & Mahavishnu John McLaughlin
4077,Kaliber 44
4081,Draconian
4083,Lal and Mike Waterson
4084,El Último de la Fila
4085,Kvartetten Som Sprängde
4087,"Emerson, Lake & Palmer"
4090,Kevin Ayers
4092,Skid Row
4094,Vàli
4096,Sharon Jones and The Dap-Kings
4100,Slapp Happy
4105,Gnidrolog
4106,Kultivator
4109,Hibria
4111,Tom Jobim
4112,Something Like Elvis
4116,Nitty Gritty Dirt Band
4117,"Roy Haynes, Phineas Newborn, Paul Chambers"
4118,Junipher Greene
4120,Tallinn Chamber Orchestra / Estonian Philharmonic Chamber Choir / The Hilliard Ensemble / Lithuanian Chamber Orchestra / Tõnu Kaljuste / Saulius Sondeckis
4123,Open Mike Eagle
4126,The Blue Öyster Cult
4129,Quicksilver Messenger Service
4130,Freestyle Fellowship
4134,Veneno
4135,The O'Jays
4136,Mink DeVille
4137,Θανάσης Παπακωνσταντίνου [Thanasis Papakonstantinou]
4138,Alaska y Dinarama
4140,t e l e p a t h テレパシー能力者
4141,Buckethead
4142,Blue Mitchell
4144,Marijata
4146,Camberwell Now
4147,Ike Quebec
4149,George Lewis
4152,The Hotelier
4153,Aerosmith
4156,Jimi Hendrix
4157,The Pretenders
4158,Badfinger
4160,Funeral Diner
4161,Earth Wind & Fire
4163,Son Volt
4164,Gun
4166,O'Jays
4167,Julian Cope
4169,Roc Marciano
4170,Kashiwa Daisuke
4171,Virgin Black
4174,Jan Jelinek
4175,Altar of Plagues
4176,Christian Death
4177,The Crazy World of Arthur Brown
4179,Magnetic Fields
4185,不失者 [Fushitsusha]
4186,Prince of Denmark
4189,Falkenbach
4191,Ralph Towner
4192,Світлана Няньо [Svitlana Nianio]
4193,Moving Gelatine Plates
4197,Group 1850
4198,Truly
4199,Atka
4200,Samurai
4203,Changó
4205,Placebo
4209,Naked City
4211,Aqsak Maboul
4213,Cymande
4214,The New Tony Williams Lifetime
4215,Meredith Monk
4218,Fusion Orchestra
4219,Sonic Sum
4220,Donovan
4221,Trapeze
4222,Master Ace
4223,Lee Dorsey
4224,Rose Tattoo
4226,Ali Akbar Khan
4227,The Afghan Whigs
4229,Moss Icon
4231,Akercocke
4232,Mulatu Astatke
4233,Deströyer 666
4234,Vangelis
4235,Los Lobos
4236,Grand Funk Railroad
4237,Alphataurus
4238,Weidorje
4239,Ilkae
4240,Demian
4243,Sister Rosetta Tharpe
4244,Gordon Lightfoot
4248,Green Day
4250,Sean Price
4251,Jane's Addiction
4252,Cortex
4254,The Ben Webster Quintet
4255,Scanner
4257,Sieges Even
4260,Michelle Shocked
4262,Pino Daniele
4263,Ron Sexsmith
4264,Groupe de recherches musicales de l'O.R.T.F.
4265,The Raincoats
4271,Pendragon
4273,Lester Young With The Oscar Peterson Trio
4274,Tia Blake and Her Folk-Group
4275,A Sei Voci
4279,Fever Ray
4281,The Doobie Brothers
4282,Dead Prez
4283,No Trend
4284,Off Minor
4286,Suzanne Vega
4287,Isengrind / TwinSisterMoon / Natural Snow Buildings
4288,Oxbow
4289,Jean-Luc Ponty
4292,The Beatnuts
4293,Canned Heat
4294,Austin Wintory
4296,Devastation
4299,Sunn O)))
4301,ABC
4302,The Chemical Brothers
4305,Andrew Bird
4310,Coheed and Cambria
4311,Screaming Trees
4313,Kevin Rowland & Dexys Midnight Runners
4315,"Pauline Oliveros, Stuart Dempster & Panaiotis"
4324,Saetia
4326,Marshall Crenshaw
4327,StarGazer
4330,БГ
4331,Dark Quarterer
4334,Münchener Kammerorchester / Christoph Poppen / Elsbeth Moser / Boris Pergamenschikow
4335,Malo
4340,Panopticon
4341,The Lounge Lizards
4342,Thorns
4345,万能青年旅店 [Omnipotent Youth Society]
4346,Poison Idea
4352,The Bill Evans Trio
4353,Lake of Tears
4354,Toad
4355,Dust
4359,Arnaldo Baptista
4362,Rita Lee & Tutti Frutti
4364,Atoll
4368,Toby Fox
4369,Yves Tumor
4370,Silver Apples
4375,Fantômas
4376,Inquisition
4378,Techno Animal
4380,Technical Space Composer's Crew
4383,Lord Finesse
4386,Brocas Helm
4391,Gonzales
4392,Caetano Veloso & A Outra Banda da Terra
4394,Dwight Yoakam
4395,Tomáš Dvořák
4396,Glenn Jones
4397,Mac Mall
4398,Paramæcium
4399,Black Bonzo
4404,Midlake
4411,Seventh Wonder
4412,Cloven Hoof
4413,Secret Oyster
4414,November
4415,Afro-Cuban All Stars
4417,Orchester der Deutschen Oper Berlin / Chor der Deutschen Oper Berlin / Eugen Jochum / Gundula Janowitz / Gerhard Stolze / Dietrich Fischer-Dieskau
4418,Jerzy Milian
4419,Gotthard
4423,Mineral
4425,Pan Sonic
4426,Lee Perry
4427,Guns n' Roses
4429,The Undertones
4431,Spınal Tap
4433,U.K.
4435,Kate & Anna McGarrigle
4437,Viper
4438,Horace Andy
4441,Breach
4442,The Tony Williams Lifetime
4443,Poison
4444,Esbjörn Svensson Trio
4446,Rx Bandits
4447,Pulsar
4449,Nat King Cole
4450,Alton Ellis
4456,Super Furry Animals
4458,pilotredsun
4459,The Exploding Hearts
4460,Soul Coughing
4467,Sinister
4470,Davy Graham
4472,R.L. Burnside
4479,Arachnoïd
4480,Itzhak Perlman
4481,Sixpence None the Richer
4483,Descendents
4487,Nightwish
4494,In the Woods...
4497,Dir en Grey
4498,Deep Turtle
4499,Felt
4502,Grobschnitt
4503,Ratos de Porão
4506,Dan Johnston
4509,Rilo Kiley
4511,Agitation Free
4513,Convulse
4515,Liege Lord
4517,Jesse Sykes & The Sweet Hereafter
4524,Arcadium
4525,Tommy Bolin
4526,Shirley Collins & Davy Graham
4527,Fruupp
4529,Winterhawk
4530,Runemagick
4531,Extol
4532,Swamp Dogg
4533,Three Man Army
4534,Temple of the Dog
4535,The New Pornographers
4536,Propaganda
4537,Sweet Smoke
4539,Sarcófago
4540,Patife Band
4543,Hermeto Pascoal
4544,きのこ帝国 [Kinoko Teikoku]
4545,Cheap Trick
4548,Billy Bragg
4549,Joe Cocker
4550,Y.M.O.
4551,Flotsam and Jetsam
4553,Paul Weller
4555,Small Faces
4556,King's X
4557,The Hellacopters
4559,Arto Lindsay
4560,Savage Grace
4562,Laurent Thibault
4564,SZA
4565,Touché Amoré
4568,Peter Green
4569,cv313
4572,Dorothy Carter
4573,The Incredible Jimmy Smith
4576,The Verve
4579,Mark Kozelek & Jimmy LaValle
4580,Elvis Costello and The Attractions
4581,Count Basie and His Orchestra + Neal Hefti Arrangements
4584,The Beat
4585,The Costello Show
4586,Matching Mole
4587,The Posies
4590,Toshiki Kadomatsu
4591,Tesla
4592,Karlheinz Stockhausen / Elektronischen Studio des WDR Köln
4594,Grimes
4596,Spoon
4598,Soft Cell
4599,Polvo
4602,Junko
4604,四人囃子 [Yonin-Bayashi]
4605,Wobbler
4609,Theocracy
4610,The Lawrence Arms
4611,Duncan Browne
4613,Venom
4615,Amon Amarth
4616,Johnny Jenkins
4617,Joe Henry
4621,Arcade Fire & Owen Pallett
4623,Brand X
4624,The Move
4628,Gene Clark with The Gosdin Brothers
4629,Message
4630,"Jan Garbarek, Keith Jarrett, Palle Danielsson & Jon Christensen"
4632,Pete Townshend & Ronnie Lane
4633,Itoh Masyitoh & Rineka Swara
4634,Tim Berne
4635,João Donato
4638,Goldfrapp
4640,Michael Kiwanuka
4644,Jawbreaker
4645,Destruction
4648,Iron & Wine
4649,Dexys Midnight Runners
4651,James
4654,Clann Zú
4659,Selda
4660,Family
4662,Bluetile Lounge
4663,Stan Getz & Eddie Sauter
4665,Rage
4666,After Crying
4667,Дельфин [Dolphin]
4668,Lou Donaldson
4669,"Paco de Lucia, Al Di Meola & John McLaughlin"
4670,Robert Pollard
4671,Arena
4672,Metamorfosi
4673,Catapilla
4674,Steamhammer
4677,Granicus
4678,The Delfonics
4679,"Ryuichi Sakamoto, David Byrne and Cong Su"
4680,Ария [Aria]
4681,佐藤理 [Osamu Sato]
4683,Eddie Kendricks
4684,Stormwitch
4685,Anti-Kahraman
4689,Flipper
4690,Chrome
4691,Donald Fagen
4693,The Ocean
4694,Traveling Wilburys
4695,Bad Religion
4696,Julie London
4700,Roscoe Mitchell Sextet
4701,Roky Erickson
4703,Kury
4704,Igra Staklenih Perli
4705,Natas
4706,Kazik na Żywo
4707,Tear Gas
4709,Tomasz Stanko
4710,Southside Johnny & The Asbury Jukes
4712,Luna Sea
4719,Bittová & Václavek
4721,John McLaughlin
4722,May Blitz
4724,Faraquet
4725,Jack Rose
4727,YOB
4728,Magnum
4731,Patto
4732,Orchestra Baobab
4733,K.R.T. Wasitodiningrat
4734,The Only Ones
4735,Legend
4737,Sr. Chinarro
4738,Janko Nilovic
4739,Jung Jaeil
4743,L' Arpeggiata / Christina Pluhar / Lucilla Galeazzi / Marco Beasley
4744,Crass
4746,Frightened Rabbit
4747,Sun City Girls
4748,Chicago
4750,Spanish Love Songs
4753,Luiz Melodia
4754,Slough Feg
4756,Steve Earle & The Del McCoury Band
4758,Frank Sinatra with Gordon Jenkins and His Orchestra
4759,Obywatel G.C.
4762,The Red Crayola with The Familiar Ugly
4763,The Silver Mt. Zion Memorial Orchestra & Tra-La-La Band
4764,Niemen Aerolit
4765,G.I.S.M.
4772,Bodychoke
4773,Skinny Puppy
4774,Lync
4775,The Chariot
4777,Pat Metheny & Lyle Mays
4778,Sonny Rollins Quartet
4779,Leatherwolf
4781,Sturgill Simpson
4784,Count Bass D
4787,Snapcase
4791,Spice 1
4792,The Flower Kings
4793,Obliteration
4795,European Lucero Ensemble / Horațiu Rădulescu / Daniel Kientzy
4796,The Boys
4800,Pat Martino
4801,Deceased...
4802,Bengt Berger & Bitter Funeral Beer Band
4804,Japanese Breakfast
4806,Squarepusher
4809,Gary Moore
4812,The Wonder Years
4817,The Soundtrack of Our Lives
4818,The J.B.'s
4820,Caroline Polachek
4823,Swirlies
4825,Sacrilege
4828,Armored Saint
4831,Jill Scott
4833,Zao
4835,"John Greaves, Peter Blegvad and Lisa Herman"
4836,Comptons Most Wanted
4837,Frank Turner
4840,Krokodil
4841,Campo Di Marte
4842,Graveyard Productions
4844,Terje Rypdal
4847,Ragnarök
4848,Mavis Staples
4850,Morly Grey
4851,Gracious
4853,The Loud Family
4855,Rites of Spring
4856,The Notwist
4857,Suicidal Tendencies
4859,Dirty Three
4860,DJ Rozwell
4861,CurrentNinetyThree
4862,Alexander von Schlippenbach Trio
4863,Social Distortion
4864,The Michael Schenker Group
4866,Fear Before the March of Flames
4867,Oblivians
4868,Tim Hardin
4869,Zero Boys
4871,Art Blakey's Jazz Messengers With Thelonious Monk
4872,New Bomb Turks
4874,The Triffids
4877,Koto Ensemble of the Ikuta School
4878,Ian Hunter
4880,Hiromi
4881,The Police
4882,Bill Elm & Woody Jackson
4883,Paul Chambers Quartet
4886,Pavlov's Dog
4887,Theatre of Tragedy
4891,The Crown
4892,Идоли
4893,Colour Haze
4896,Mourning Beloveth
4897,William Bell
4900,Garden of Shadows
4901,Prince Far-I and The Arabs
4905,Handsomeboy Technique
4907,The 13th Floor Elevators
4912,Demoniac
4916,Dillinger Four
4917,Atila
4922,Jackson Browne
4923,Elzhi
4924,Estatic Fear
4925,Intestine Baalism
4927,Abbey Lincoln
4929,Ictus
4932,Marlena Shaw
4935,Whitesnake
4936,Calexico
4938,Perfume
4941,Procol Harum
4944,Portico Quartet
4947,Michael Nesmith & The First National Band
4954,Uncle Acid & The Deadbeats
4957,Saturnus
4958,Masters of Reality
4959,조영욱 [Jo Yeong-wook]
4961,Y Society
4968,Virginia Astley
4969,Regina Spektor
4970,S.O.D.
4971,Thrice
4977,Grave
4979,Equilibrium
4981,Robyn Hitchcock and The Egyptians
4985,Cormega
4986,Dennis Brown
4987,矢野顕子 [Akiko Yano]
4990,The Koreatown Oddity
4992,"Earth, Wind & Fire"
4995,Catharsis
4997,Grave Digger
4998,And Also the Trees
4999,"Studio für elektronische Musik des Westdeutschen Rundfunks, Köln & Karlheinz Stockhausen"
