1,16 June 1997
2,12 September 1975
3,10 October 1969
4,3 October 2000
5,15 March 2015
6,4 November 1991
7,23 March 1973
8,26 September 1969
9,12 March 1967
10,16 June 1972
11,5 August 1966
12,23 March 2004
13,8 October 1980
14,July 1963
15,10 October 2007
16,February 1965
17,22 October 2012
18,18 September 1970
19,17 August 1959
20,16 May 1966
21,19 April 1994
22,9 October 2000
23,10 February 1998
24,1 June 1967
25,9 November 1993
26,6 October 1974
27,22 November 2010
28,25 February 1972
29,27 March 1991
30,2 May 1989
31,22 November 1968
32,15 June 1979
33,21 January 1977
34,16 June 1986
35,30 August 1965
36,17 April 1989
37,8 November 1971
38,30 July 1969
39,14 January 1977
40,25 October 1996
41,8 February 1977
42,22 August 1994
43,16 September 1985
44,20 June 1966
45,14 August 1997
46,4 January 1967
47,19 November 1996
48,30 March 1970
49,20 January 1975
50,8 September 1972
51,1 June 1993
52,21 July 1971
53,27 August 2001
54,18 July 1980
55,24 September 1991
56,11 September 2001
57,12 May 1967
58,25 October 1968
59,28 September 1976
60,30 September 2016
61,27 December 1967
62,24 April 2012
63,5 July 2005
64,22 September 1997
65,22 October 1996
66,25 February 1997
67,19 November 1991
68,10 February 2004
69,18 October 1988
70,7 November 1995
71,20 August 2016
72,March 1969
73,3 December 1965
74,21 May 1971
75,8 January 2016
76,30 July 1984
77,23 January 1976
78,13 February 1970
79,27 November 1967
80,August 1971
81,22 March 1965
82,17 September 1990
83,19 September 1970
84,29 September 1998
85,September 1973
86,12 June 1999
87,September 1970
88,17 December 1971
89,30 September 1985
90,14 December 1979
91,9 November 1992
93,14 September 2004
94,3 March 1986
95,31 March 2015
96,25 June 1984
97,30 January 1968
98,3 August 1973
99,27 January 1960
100,7 February 2006
101,16 September 1988
103,19 July 1974
104,19 April 1968
105,20 April 1998
106,16 November 2004
108,12 November 1984
109,21 September 1993
110,21 March 1995
111,31 August 1990
112,March 1961
113,8 March 1994
114,May 1969
115,25 January 2008
116,18 November 1997
117,14 September 1959
118,30 August 2005
119,17 June 2003
120,1 September 1969
121,14 May 1969
122,25 April 1995
123,April 1972
124,3 May 1982
125,14 November 1975
127,23 December 1966
128,12 January 1969
129,4 February 1977
130,27 November 2000
131,23 April 1971
132,27 August 1996
133,November 1967
134,October 1972
135,21 September 1990
136,30 November 1970
137,July 1972
138,February 1973
139,5 November 1971
140,April 1978
141,3 October 2001
142,13 May 2014
143,22 June 1971
144,13 September 1994
145,17 March 1971
146,3 August 1979
148,20 August 2001
149,February 1971
150,20 August 2002
151,19 March 1990
152,14 November 2006
153,1 September 1982
154,22 October 1969
155,14 October 1977
156,12 October 1973
158,23 August 1994
160,30 March 1987
161,25 July 1970
162,13 March 2001
163,28 January 1997
164,26 July 1993
165,10 November 1992
166,17 May 2019
167,18 November 1996
168,3 September 1984
169,21 March 1988
170,15 May 2001
171,18 March 2014
172,3 September 1990
173,7 October 1986
174,13 March 1989
175,25 August 1971
176,26 May 1972
177,January 1958
178,14 February 1994
179,November 1972
180,29 November 1969
181,28 December 1973
182,10 May 1994
183,28 September 2009
184,January 1959
185,29 November 1968
186,10 March 1972
187,13 March 1995
188,27 August 2002
189,17 April 2001
190,5 November 2007
191,2 September 1980
192,19 February 1971
193,26 September 1997
194,19 May 1978
195,27 May 1963
196,December 1965
197,21 July 2017
198,1975
199,September 1983
201,March 1960
202,1963
204,22 November 1974
205,18 February 2002
206,1 December 1967
207,8 May 2016
209,11 November 2016
210,24 February 1975
211,1 November 1984
212,22 September 1981
213,4 March 2011
214,29 September 1992
215,3 September 2021
216,24 February 1971
217,8 October 2021
218,4 September 2001
219,21 January 2003
220,September 1969
221,23 April 2002
222,26 October 2018
223,1 October 1996
224,13 June 2000
225,30 November 1982
226,25 September 1979
227,12 March 2001
228,11 April 1988
229,March 1977
230,15 June 1995
231,1974
232,1977
233,25 August 1975
234,22 October 1991
235,28 August 2012
236,12 July 1971
237,December 1977
238,22 March 1982
239,1 November 1970
240,25 March 1995
241,13 October 1973
242,6 October 1972
243,8 September 1992
244,26 November 1971
245,21 June 2002
246,21 June 1994
247,12 October 1999
249,September 1981
250,1969
251,1971
252,25 September 1967
253,6 December 1968
254,November 1959
255,August 1964
256,1 October 1995
257,26 January 1970
258,18 October 1999
259,8 November 1972
260,25 December 2003
261,4 March 2003
262,23 June 2000
263,15 September 1965
264,February 1966
265,25 July 1989
266,22 December 2006
267,28 March 1973
268,February 1974
269,September 1984
270,18 December 1998
271,4 August 1967
272,12 March 2007
273,25 September 1972
274,25 March 1972
275,20 June 1975
276,31 March 1998
278,28 February 1970
279,9 February 1981
280,23 September 1977
281,18 November 1974
282,24 July 1997
283,February 1972
284,11 August 1992
285,2 November 1994
286,29 March 2017
287,25 August 1998
288,21 May 1998
289,30 November 1979
290,November 1961
291,17 January 2017
292,1967
293,8 June 2018
294,31 January 1996
295,14 April 1988
296,28 October 2002
297,1 September 1961
298,1958
299,1 March 1974
300,28 April 2008
301,25 January 2000
302,October 1965
303,20 November 2001
304,12 September 2000
305,1970
306,25 March 1994
307,June 1987
308,April 1964
309,16 September 2003
310,10 February 1997
311,24 February 1998
312,2 December 2005
313,1984
314,23 February 2010
315,June 1977
316,16 February 2018
317,15 December 2000
318,24 January 2008
319,August 1978
320,19 May 2004
321,22 June 1999
322,16 August 1994
323,21 April 1980
324,29 September 1976
325,11 December 1970
326,6 October 1992
327,13 December 1975
328,5 August 2003
329,1978
330,20 June 2000
331,5 April 2019
332,15 September 1998
333,12 April 1983
334,17 May 1971
335,23 February 2003
336,1 August 1995
337,14 December 1959
338,24 June 1997
339,23 September 1979
340,July 1984
341,24 September 1996
342,November 1981
343,17 May 1976
344,4 June 2001
345,3 June 1970
346,23 September 1997
347,15 September 2021
348,29 April 1971
350,23 October 1995
351,3 July 1996
352,22 April 1997
353,30 October 1995
354,19 March 2015
355,23 June 1998
356,April 1957
357,24 March 2017
358,19 March 1971
359,23 February 1999
360,20 November 1971
362,18 December 1999
363,2 July 1997
364,July 1987
366,May 1964
367,26 October 1973
368,3 June 1977
369,26 July 1974
370,9 November 1999
371,11 October 1972
373,21 September 1999
374,10 May 1981
375,2 June 1978
376,11 November 1981
377,1962
378,5 October 1970
379,October 1971
380,27 July 1988
381,17 November 1995
382,30 June 1993
383,15 December 2014
385,4 November 2003
386,September 1967
387,November 1982
388,August 1958
390,21 February 1994
392,8 August 2006
393,2 April 1996
394,December 1966
395,January 1965
396,November 1989
397,22 November 1976
398,November 1969
399,8 July 1997
400,16 November 1999
401,1 August 1983
402,29 October 1978
403,October 1973
404,3 November 1971
405,3 May 1969
406,1972
408,2 September 1982
409,July 1965
410,23 March 2009
411,2 February 1999
412,15 September 1967
413,23 October 2013
414,7 September 1984
415,1 March 1995
416,26 October 1999
417,21 April 2010
419,7 November 2000
420,19 October 2004
421,6 June 1970
422,30 November 2018
423,April 1961
424,17 October 2000
425,15 December 1975
426,28 March 1995
427,18 July 2001
428,7 December 2005
429,21 July 1995
430,11 March 1970
431,26 February 1992
432,September 1971
433,9 October 1990
435,24 May 1993
436,7 March 1994
437,23 September 1970
439,September 1974
440,6 May 2016
441,11 November 1992
442,February 1995
443,12 May 1989
444,10 November 1975
445,22 January 1968
446,October 1997
447,1985
448,18 June 2013
449,25 June 1996
450,27 January 2009
451,29 January 1971
452,23 March 1976
453,25 May 1995
454,7 October 1997
455,1976
457,13 August 2015
459,13 July 1999
460,5 January 1976
461,June 1973
462,1986
463,24 May 2005
464,1 June 1983
465,14 November 2005
466,23 July 2008
467,31 October 2000
468,28 October 1972
469,20 March 1990
470,October 1975
471,10 July 2012
472,11 February 2012
473,1982
474,16 July 2002
475,8 June 1992
476,14 September 1992
477,8 April 1971
478,30 March 1973
479,1 December 1997
480,29 September 1986
481,14 July 1982
482,29 May 1991
484,28 February 1995
485,11 October 2001
486,31 July 1996
488,30 October 1983
489,1983
490,20 February 1984
491,April 1969
492,20 November 2006
493,June 1967
494,31 August 2004
495,10 December 1999
496,20 September 1982
497,20 March 2001
498,25 August 1988
499,15 October 2002
500,27 October 1982
501,2 November 1969
502,24 March 1979
503,24 November 1992
504,2 December 1975
505,August 1976
506,16 February 1972
508,20 April 1992
509,21 September 1973
512,4 November 1977
513,10 March 1967
514,2000
515,June 1966
516,7 July 1978
517,22 September 1969
518,30 May 1980
519,28 November 2006
520,25 June 1975
521,August 1966
522,8 September 2017
525,17 March 1978
526,16 October 1985
528,November 1957
529,5 June 1991
530,13 August 2002
531,25 April 1980
532,7 August 2020
533,11 November 2005
534,1 August 2009
535,3 May 2010
536,April 1994
537,9 June 1994
538,December 1970
539,2003
540,18 July 1960
541,30 August 2000
542,29 May 2010
543,1 May 1999
544,19 July 2006
545,27 September 2005
546,April 1973
548,25 May 1983
549,24 January 1984
550,May 1970
551,1979
552,10 December 2002
553,6 January 1998
554,21 October 1991
555,December 1964
556,September 1986
557,2 May 1983
558,25 April 2018
560,November 1974
561,22 April 1991
564,25 November 2003
565,2002
566,August 1992
567,18 February 1994
568,27 October 1986
569,8 February 2000
570,28 February 1999
571,28 September 2017
573,23 January 1995
574,6 June 1981
575,20 March 1991
576,10 February 1978
577,4 November 1996
579,5 September 1989
580,January 1962
581,10 September 2007
583,October 1999
584,29 October 1996
585,28 November 1977
586,January 1972
587,8 November 1980
588,27 October 1998
589,16 April 1990
591,2 April 2007
594,April 1966
595,February 1998
596,10 October 1994
597,9 October 2001
598,1987
599,March 1982
600,24 April 1992
601,21 August 1998
602,19 September 1988
603,27 August 1991
604,8 April 1977
605,1 February 1985
607,1 September 1977
608,8 October 1988
610,9 November 2013
611,February 1967
613,15 August 2011
614,13 September 2013
615,14 October 2002
616,13 April 1983
617,September 1961
618,14 January 1963
619,14 April 1980
620,March 1976
621,1990
622,May 1986
623,18 March 1977
624,23 November 1993
625,28 June 1999
626,6 August 1991
627,12 April 1973
628,4 May 1999
629,July 1966
630,18 May 2010
631,16 November 1988
632,9 April 1996
633,1961
634,24 March 2015
635,14 January 1980
636,2006
637,9 April 1997
638,3 May 2011
639,19 June 2012
641,1 March 1956
642,8 November 1994
643,1 March 1998
644,9 April 2018
646,6 November 1997
647,20 May 2016
649,5 July 1988
650,17 January 1974
651,28 August 1973
652,9 August 1994
653,21 April 2017
654,27 October 2002
655,25 January 2006
656,1966
657,14 September 1999
659,7 December 1973
660,10 April 1990
661,21 November 2006
662,7 September 1999
663,10 June 1986
664,July 1958
665,27 January 1999
666,22 February 2000
667,22 March 1974
668,8 February 1993
669,May 1976
670,July 1964
671,1 March 1999
672,28 June 1994
673,16 October 2007
674,5 August 1969
675,16 October 2006
676,3 August 1969
678,16 September 2002
680,5 March 2003
681,30 September 1997
683,1959
685,1973
686,14 October 2013
687,5 October 1993
688,21 November 2000
689,19 May 1992
691,1994
692,27 April 1999
693,16 May 1983
694,March 1986
696,5 April 1995
697,March 1972
698,20 March 2002
700,29 October 2014
701,23 June 2010
702,29 April 2016
703,30 June 1992
704,14 October 2016
705,February 1963
706,October 1967
707,September 1980
708,September 1985
710,19 September 1986
711,12 November 1971
712,5 November 2002
714,16 September 1977
715,12 October 2010
716,March 1965
717,31 March 2000
718,23 December 2019
719,22 May 2007
720,5 February 1982
721,12 September 1989
722,4 June 1990
725,June 1965
726,20 January 2009
727,24 October 2000
728,22 April 2003
729,1992
730,25 July 1983
731,11 April 2011
734,23 October 2015
735,9 November 1987
736,29 August 2006
737,29 August 1988
738,January 1961
739,2 May 1984
740,April 1976
741,24 May 1994
742,11 May 1998
743,11 May 1987
744,22 June 1985
746,9 April 1994
747,27 August 2014
748,8 July 1988
749,10 August 1979
750,3 October 1980
751,27 October 2014
752,26 June 1990
753,12 September 1980
754,24 March 1971
756,4 October 2000
758,August 1959
759,18 November 2005
760,31 July 2018
761,November 1970
762,17 February 1994
763,29 October 2001
764,19 May 1986
765,16 September 1997
767,5 October 1998
768,3 August 1992
770,8 November 2010
772,23 May 1995
773,October 2005
774,1968
775,14 February 2016
776,28 April 1972
777,15 June 1987
779,July 1975
780,27 June 1966
781,23 November 2011
782,2 December 2020
783,29 May 1990
784,23 June 1966
785,18 January 2004
786,19 August 2003
788,21 October 1975
789,20 March 1967
790,23 September 1985
791,15 December 1992
792,11 March 1996
793,25 December 1989
794,3 June 2013
795,17 June 2016
796,10 February 2017
797,9 September 2016
798,28 November 1974
799,30 October 1991
800,October 1974
801,May 1973
802,1 August 2001
803,25 August 1986
804,September 1979
805,23 February 2005
807,January 1978
808,23 November 1979
809,12 October 1993
810,13 April 2010
811,8 September 1980
812,5 October 1973
813,1964
814,26 March 1976
815,23 July 1972
816,4 September 2015
818,8 November 2019
819,17 February 1978
820,27 November 1972
821,6 February 1996
822,31 October 2017
823,6 December 1995
824,13 August 1985
825,19 October 1987
826,14 February 2011
827,3 April 1968
828,3 May 1988
829,1999
830,17 January 1969
832,23 June 2004
833,27 November 1970
834,9 June 1992
835,15 May 2012
836,24 September 2002
837,November 1980
838,December 1969
839,12 February 1972
840,July 1970
841,December 1954
842,July 1968
843,7 May 1978
844,1 August 1992
845,10 November 1952
846,26 May 2021
847,10 April 2001
848,July 1993
849,1988
852,21 July 2016
854,1 May 2002
857,9 September 1977
858,July 1983
859,18 March 1994
860,8 March 1982
861,5 March 2002
862,October 1992
864,6 June 2000
865,16 July 2003
867,20 March 2007
868,24 June 2015
870,19 February 2002
874,25 May 2018
877,September 1965
878,27 January 1997
880,21 August 1989
882,27 September 2017
883,16 February 1967
884,16 July 2007
887,26 February 1991
888,1998
889,14 June 1968
890,1 June 2019
891,5 February 1996
892,14 July 1984
893,6 June 1989
894,March 1970
895,10 July 2010
896,23 April 1976
897,11 April 1995
898,4 March 1957
899,20 September 2004
900,18 March 1978
903,1965
904,January 1980
905,11 September 1978
907,23 September 2016
908,26 January 2010
909,18 October 2005
910,28 September 1987
911,17 March 1986
912,21 July 1997
915,6 August 2002
917,February 1959
918,13 February 1996
921,January 1987
922,31 July 2000
923,May 1975
924,26 June 2020
925,December 1968
928,9 November 2018
929,4 November 2002
930,23 October 2020
931,6 March 1973
932,1 July 1968
935,2008
936,28 April 1998
937,11 November 2011
939,8 July 2007
940,4 March 1968
943,April 1974
944,24 April 1989
945,April 1965
946,20 July 1999
947,June 1968
949,December 1993
950,October 1970
951,25 August 2017
952,28 July 1975
953,5 May 1992
954,27 February 2001
956,11 February 1985
957,28 March 2005
959,7 August 2001
964,December 1973
965,28 June 2019
967,10 August 1993
968,September 2002
969,22 October 2001
970,November 1975
971,August 1962
972,17 April 1990
973,8 August 1994
975,22 November 2005
976,18 September 1989
977,18 October 1994
978,March 1992
979,13 May 1985
985,October 1991
986,September 1978
988,19 March 2003
989,28 December 1977
990,14 April 1981
992,12 August 1991
993,15 June 1968
994,15 May 1956
996,February 1990
997,1 March 2005
998,28 April 1980
999,2 November 1970
1001,29 August 1994
1002,8 May 1995
1004,24 January 1994
1005,May 1962
1008,28 March 2000
1009,4 April 1995
1013,22 July 1974
1014,May 1971
1015,27 July 2018
1016,1 July 2003
1017,12 April 2005
1018,February 1994
1019,October 1978
1020,January 1997
1021,3 January 1968
1022,August 1970
1024,3 June 2008
1025,1 April 1976
1026,29 May 1969
1027,3 July 1995
1028,November 1984
1029,17 November 2009
1033,13 September 2005
1035,21 August 2004
1036,13 July 1993
1037,15 December 2017
1039,16 April 1984
1041,20 October 1998
1042,13 August 1973
1043,7 September 1973
1044,July 1973
1045,20 August 1996
1046,14 April 1975
1048,1955
1049,March 1978
1050,2 September 1990
1051,24 March 1988
1055,28 August 1978
1056,May 1974
1057,5 August 1985
1058,31 October 1991
1059,17 November 1986
1061,August 1972
1063,March 1971
1064,23 November 1970
1065,29 April 2015
1066,July 1956
1067,24 September 2021
1068,10 November 1978
1070,December 1967
1071,25 February 1973
1072,6 August 2021
1073,28 July 1986
1076,5 April 1988
1077,4 September 1970
1078,8 November 1989
1080,14 May 2008
1082,1 November 1986
1084,30 May 2006
1085,11 March 2006
1086,22 April 1980
1088,June 1993
1089,4 December 2000
1090,15 January 1968
1093,1 September 1993
1094,16 November 2007
1095,22 November 1995
1096,17 April 2020
1097,27 April 1992
1099,6 November 1995
1100,25 March 2003
1102,15 October 2014
1103,2 September 1958
1104,27 April 1998
1105,12 October 2004
1107,September 1966
1108,21 December 1985
1109,June 1964
1110,17 June 1987
1112,4 March 1997
1113,1996
1114,August 1969
1119,13 September 2019
1120,October 1964
1122,14 August 1995
1123,29 June 1992
1124,18 October 1993
1125,18 January 1988
1127,1989
1129,1 April 2003
1130,5 November 2011
1131,6 June 1996
1132,13 April 1979
1133,2 August 1993
1135,January 1985
1136,29 March 1973
1138,29 September 1977
1139,26 April 2005
1141,18 November 1985
1142,26 December 2009
1143,13 November 1989
1145,2 July 1996
1147,11 November 1973
1148,24 February 1967
1149,5 November 1983
1150,6 November 1996
1151,December 1976
1155,6 March 1968
1158,18 February 2003
1160,22 July 1977
1161,December 1974
1162,March 1967
1163,13 July 1998
1164,3 July 1969
1165,10 March 2003
1166,10 January 2007
1167,6 February 1967
1172,23 May 1987
1174,9 October 2012
1175,10 October 1966
1176,30 August 2013
1177,30 November 1999
1180,December 1983
1183,26 June 2000
1184,16 April 2007
1185,3 January 1973
1188,June 2004
1189,13 November 2000
1190,16 April 1996
1191,29 March 1979
1192,1995
1194,17 January 2000
1195,24 April 2006
1197,24 August 1970
1198,30 April 2001
1199,21 April 1969
1202,9 June 2003
1203,8 April 1991
1205,15 April 1989
1206,26 March 2021
1207,23 January 1989
1209,9 May 2006
1211,15 April 1968
1213,4 May 1993
1214,31 May 1994
1215,1997
1217,17 August 1987
1220,13 October 1989
1221,4 November 1969
1222,15 October 1966
1223,1960
1225,8 October 1991
1227,October 1960
1229,9 March 1999
1230,6 June 2003
1231,9 November 1970
1232,11 August 1974
1233,20 April 1974
1234,November 1965
1235,29 May 1995
1236,1991
1237,23 May 1971
1238,7 December 1993
1239,2 September 1991
1241,13 January 1964
1243,April 1984
1245,3 April 1995
1247,February 1985
1249,19 January 2018
1250,25 September 2015
1252,January 1968
1254,26 January 1998
1255,10 July 1974
1256,21 January 1998
1257,9 March 2010
1258,23 May 1969
1259,27 October 2017
1260,November 1996
1261,1 September 1994
1262,14 August 2007
1263,17 August 2016
1264,13 December 1990
1265,1 March 2019
1266,September 2000
1267,December 1971
1268,3 March 1989
1269,17 May 1996
1270,1 December 1989
1271,26 July 1999
1273,August 1965
1274,14 September 2016
1275,17 February 2018
1276,19 January 1999
1277,16 November 1972
1278,27 September 1994
1279,6 January 1992
1280,11 September 2017
1284,20 October 2009
1285,May 1991
1286,February 1976
1287,8 May 2001
1288,30 October 2006
1289,November 1968
1290,June 1997
1292,27 October 2010
1293,28 September 1998
1294,20 May 1972
1295,August 1973
1296,January 1964
1297,April 1956
1298,December 1961
1299,2 March 2018
1300,2 February 1976
1301,June 1978
1303,25 July 1988
1305,15 January 2002
1308,July 1967
1310,26 July 1994
1313,August 1979
1314,June 1981
1315,22 September 1987
1316,3 November 1980
1317,24 June 1996
1320,18 April 2000
1323,28 September 2004
1324,16 July 1971
1326,12 June 1987
1328,17 May 1999
1330,January 1971
1333,21 November 1988
1334,9 March 1987
1335,21 September 1976
1336,27 October 1985
1338,11 June 2002
1341,14 November 2003
1342,12 February 1982
1343,7 July 1987
1345,1 December 1987
1346,13 November 2001
1350,20 November 2007
1351,18 April 1994
1352,December 1959
1353,10 December 1996
1354,28 September 2010
1357,11 February 1977
1358,24 July 2001
1359,24 January 1978
1360,1 November 1988
1361,25 February 1986
1362,22 August 1980
1363,15 June 2018
1365,10 November 1967
1367,26 April 1994
1368,29 June 1988
1369,8 March 1959
1371,5 December 2000
1373,31 October 2014
1378,25 November 1985
1379,April 1970
1380,28 March 2006
1381,November 1973
1382,April 1960
1383,December 1972
1384,8 November 2004
1385,19 October 1973
1387,November 1992
1388,1 August 1969
1392,21 December 2006
1393,22 May 1995
1396,19 April 1974
1397,10 January 1977
1398,October 1976
1399,5 December 1983
1400,5 February 1969
1401,14 November 2000
1403,17 January 2006
1405,April 1975
1406,16 June 1969
1407,2 November 2011
1408,March 1985
1409,8 February 2005
1410,20 February 1974
1411,25 April 1985
1412,27 November 1971
1414,14 November 1995
1415,18 July 1988
1416,April 1962
1417,March 1964
1418,February 1953
1419,13 November 2012
1420,22 May 2000
1422,22 September 1974
1424,20 October 1986
1426,24 January 1972
1428,26 April 2003
1429,1 January 1989
1430,9 February 1993
1431,3 October 1977
1432,10 January 1995
1433,16 March 1976
1434,October 1956
1436,5 October 2012
1437,1 June 1989
1438,4 October 1994
1439,22 August 1995
1440,19 September 1980
1441,November 1966
1442,18 June 1996
1443,13 March 2000
1444,11 February 1997
1445,16 February 1990
1446,6 May 2002
1447,11 October 1993
1448,19 May 1972
1450,15 November 1960
1452,8 September 1958
1453,1981
1456,21 June 2019
1457,3 July 1989
1458,23 March 1993
1459,28 October 1966
1460,8 March 1971
1461,2001
1462,May 1972
1466,28 July 1992
1467,28 April 2000
1468,August 2000
1471,19 October 1979
1475,February 1958
1479,1 October 2018
1480,8 June 2014
1481,23 September 1993
1482,7 April 2009
1483,15 April 1997
1484,November 1988
1485,10 September 1974
1486,18 October 1965
1487,April 1993
1491,9 September 2008
1493,7 July 1993
1494,7 February 2005
1495,2 July 1981
1496,October 1957
1497,27 January 1998
1498,11 May 2010
1499,30 April 2011
1501,22 February 1999
1502,February 1981
1504,30 August 1994
1506,12 September 1995
1507,6 February 1978
1508,14 July 1994
1510,August 1988
1511,31 January 1972
1512,25 November 1995
1513,August 1975
1515,24 February 1970
1516,7 November 1979
1518,1 August 1988
1519,15 May 1984
1521,September 1964
1522,21 October 1983
1523,September 1959
1524,13 December 2019
1525,12 August 1968
1526,12 March 1972
1527,29 June 2004
1528,25 October 1974
1529,20 December 2007
1531,8 February 1974
1532,February 1993
1533,21 June 1993
1539,September 1968
1542,19 November 2004
1545,31 March 1986
1546,2 July 1984
1547,28 October 1997
1548,28 October 1989
1549,11 August 2011
1550,22 March 1999
1554,3 September 1991
1555,3 June 1997
1556,December 1992
1557,25 January 2018
1558,December 1956
1559,9 June 1978
1560,2 August 1989
1562,22 June 1994
1563,20 March 2006
1565,21 October 2003
1569,25 June 2021
1570,10 March 1998
1571,14 September 1993
1572,1 October 1985
1574,25 August 1997
1575,1 August 1996
1576,7 November 1987
1578,21 September 1981
1579,21 July 2001
1584,10 February 2003
1586,1956
1588,May 1990
1589,19 October 1990
1591,December 1962
1592,April 1977
1595,20 November 2020
1598,December 1963
1599,29 June 2000
1600,18 May 1999
1601,10 June 2008
1602,4 August 1975
1603,8 May 2006
1604,3 April 1987
1608,15 May 1997
1609,12 July 2019
1610,8 April 1997
1611,October 1985
1612,9 August 2008
1614,10 September 1982
1615,2 April 1993
1617,13 June 1983
1618,4 November 1985
1621,November 1964
1625,20 January 2003
1626,3 August 2010
1627,25 June 2013
1629,30 August 1971
1630,26 March 2000
1631,15 March 1991
1632,16 October 1989
1637,5 January 1979
1638,10 May 1988
1640,14 March 2005
1642,7 November 1975
1643,25 October 1999
1645,January 1974
1647,1957
1648,12 January 1999
1649,17 August 1993
1650,12 August 1963
1651,May 1963
1652,January 1966
1653,November 1990
1655,9 May 1988
1657,6 February 1995
1658,17 January 1966
1659,13 May 1991
1660,22 November 1994
1662,21 February 2007
1665,15 March 1999
1666,21 June 1999
1667,30 January 1989
1669,7 June 2017
1670,11 September 2006
1671,12 June 1995
1672,12 November 1996
1674,July 1977
1675,29 October 1991
1676,20 June 1980
1678,24 March 1994
1679,2 October 1995
1680,3 July 2001
1682,1 September 1986
1683,19 November 2001
1685,22 November 1963
1686,30 January 1964
1689,30 August 1999
1690,11 April 2005
1691,11 June 2013
1692,5 February 2021
1694,10 June 1996
1696,11 November 2014
1698,18 September 2000
1702,6 June 1978
1703,28 August 2001
1704,22 October 1976
1707,1 November 1995
1710,16 May 1990
1711,4 October 1988
1712,3 January 1991
1713,26 September 1995
1717,25 July 1979
1720,June 1982
1721,3 May 2005
1722,6 March 2007
1723,February 1960
1724,19 October 1993
1725,February 1970
1726,25 February 1999
1728,April 1954
1729,23 March 2006
1731,2 June 2003
1732,16 June 2008
1733,November 2001
1735,February 1961
1736,17 November 1977
1739,21 February 1977
1741,16 June 1979
1743,18 March 2008
1748,12 September 2006
1749,28 September 1993
1752,31 August 1981
1754,26 November 2015
1755,25 September 2007
1757,26 June 2001
1758,7 August 2007
1759,10 October 1980
1760,15 December 1978
1761,2005
1762,March 1959
1767,15 May 2020
1768,18 May 2018
1770,21 August 2003
1771,19 June 1989
1772,March 1974
1777,30 September 1991
1778,13 June 1993
1779,31 August 1970
1782,2 February 1979
1785,9 February 1971
1786,17 June 2004
1788,3 June 2020
1789,17 August 1979
1790,1 February 1996
1791,1 March 1983
1792,30 June 1998
1793,3 May 2004
1796,24 October 1976
1797,17 March 1998
1801,25 May 1973
1803,June 1989
1804,August 1974
1806,May 1968
1807,8 October 1992
1809,27 March 2002
1812,January 1967
1814,23 January 2007
1815,June 1970
1816,12 November 2001
1818,January 1977
1822,16 June 2017
1823,2 September 1985
1824,17 November 1980
1825,August 1957
1828,27 June 1997
1830,December 1996
1831,October 1966
1833,7 April 1969
1834,5 November 1973
1835,17 June 1985
1836,21 November 1980
1837,11 February 2004
1839,25 September 2009
1841,1 October 2015
1842,27 May 2020
1843,11 February 2014
1844,30 September 2013
1847,July 1961
1848,31 August 2018
1849,18 April 1986
1851,24 October 2006
1852,29 March 1993
1853,6 June 1995
1854,27 April 1987
1855,3 November 1978
1856,26 July 2004
1857,22 January 2002
1859,13 May 1995
1860,1 August 1979
1862,10 July 2001
1863,23 March 2015
1865,11 January 1971
1866,30 March 1998
1868,14 March 2019
1870,11 October 1999
1871,16 November 1979
1872,2 September 1977
1874,May 1977
1875,26 November 2001
1876,March 1984
1877,8 August 2007
1881,6 July 1979
1884,3 June 1998
1885,30 September 1998
1886,February 1975
1887,10 July 1967
1890,March 1968
1891,November 1978
1895,6 August 1965
1896,9 February 2018
1897,21 January 2001
1898,16 July 1984
1900,24 October 1989
1901,30 August 2019
1902,4 May 1984
1903,9 September 1990
1904,22 September 1992
1905,October 1989
1907,25 November 2008
1909,6 May 1973
1910,6 July 1999
1911,March 1975
1912,August 1967
1913,10 October 1988
1914,2 July 1982
1915,28 April 1969
1919,March 1973
1924,July 1974
1926,26 July 2005
1927,June 1960
1929,30 January 2008
1930,18 February 1997
1933,2004
1934,January 2007
1935,22 September 1998
1936,13 November 1987
1939,1 August 1999
1944,December 1960
1946,16 May 2001
1947,19 February 2003
1948,31 October 1983
1949,1 June 1994
1950,1 November 1993
1952,11 March 1985
1953,28 April 2003
1954,31 October 2005
1955,27 September 1999
1956,22 December 2010
1958,26 November 2006
1959,15 October 1999
1962,27 October 1997
1964,18 August 1969
1967,21 April 1978
1969,6 July 1970
1971,25 October 1971
1973,3 August 2004
1974,26 February 2016
1975,13 June 1995
1976,September 2009
1977,29 March 1974
1978,April 1980
1983,21 April 1992
1984,28 July 1997
1987,10 April 1989
1989,15 November 1974
1991,16 August 1965
1993,14 February 1995
1994,5 April 2004
1996,30 June 1997
1998,2 February 1981
1999,24 October 1988
2000,16 March 2004
2007,19 October 1999
2009,April 1955
2010,22 July 1994
2011,September 1972
2012,19 July 2000
2016,20 January 1999
2021,21 January 1997
2022,20 February 1995
2023,16 April 2016
2025,21 April 1986
2026,4 May 1998
2027,December 1990
2028,24 October 2018
2029,19 September 1990
2030,28 November 1980
2032,26 July 2011
2034,4 October 1991
2036,3 June 2014
2037,25 January 1965
2040,5 September 2001
2046,1 October 2012
2047,25 May 1993
2049,15 October 1990
2050,15 October 2012
2051,1 November 1974
2052,14 March 1995
2053,5 January 1969
2054,20 February 1996
2057,December 2006
2059,6 March 2001
2061,7 June 1988
2062,6 September 1974
2063,26 October 1992
2067,21 January 1993
2068,January 2005
2070,3 December 1971
2071,31 August 1987
2072,25 April 1971
2075,5 February 2002
2076,4 October 2004
2077,1 November 1994
2078,30 October 1996
2080,December 1988
2082,September 1975
2083,18 March 1997
2085,3 November 1998
2086,18 May 2011
2089,24 March 2016
2091,August 1997
2092,11 February 1992
2093,14 May 2002
2095,1 March 1964
2096,13 December 1994
2098,September 1987
2099,March 2010
2100,22 February 1994
2103,23 November 1973
2104,January 1973
2105,1 June 1998
2107,April 1971
2108,2 December 2014
2110,9 September 1971
2111,11 July 1975
2113,April 1982
2114,18 September 2007
2115,2 February 2006
2117,16 June 1995
2118,March 1957
2119,9 November 1998
2122,27 October 2006
2123,1 March 1965
2125,22 November 1991
2126,29 May 2000
2132,29 September 1980
2133,17 September 1996
2134,30 September 1968
2138,5 November 1996
2142,March 1979
2144,24 November 1972
2145,16 October 1971
2146,March 2005
2148,July 1957
2149,27 March 2000
2150,12 January 2018
2154,18 October 2001
2156,10 July 1964
2157,15 April 1966
2158,5 May 2015
2159,22 March 1987
2160,26 March 2007
2161,26 June 1975
2162,1 February 2004
2163,22 October 1990
2165,15 March 2005
2168,July 1962
2169,May 1958
2172,3 March 2015
2173,6 December 2011
2174,14 March 1994
2179,15 September 1971
2181,10 October 2006
2183,2 May 2006
2184,2 March 2015
2186,5 September 1978
2187,26 September 2006
2188,October 1995
2193,2 February 2004
2195,July 1959
2196,January 2002
2199,11 May 2015
2201,14 October 2009
2202,3 December 1983
2203,21 March 1975
2206,February 2004
2207,22 April 2002
2208,14 April 1972
2209,23 February 2004
2214,13 August 1990
2215,16 December 1967
2217,6 August 1997
2218,14 May 2013
2221,December 2004
2222,1993
2226,December 1980
2227,4 October 1982
2230,22 August 1975
2232,April 1998
2239,19 November 1982
2240,2 September 2017
2242,21 July 1992
2244,24 March 1977
2246,9 May 1975
2247,11 November 2013
2248,7 March 1975
2249,14 March 1969
2250,27 September 1988
2251,7 May 1998
2252,15 September 2009
2253,September 1960
2254,14 April 2009
2256,26 February 2001
2257,27 November 1995
2259,7 November 2012
2260,March 1987
2262,20 October 1989
2263,24 June 1998
2267,17 August 2018
2269,8 November 1974
2270,15 May 2007
2271,1 November 1973
2273,21 January 2009
2274,22 February 1971
2275,July 1971
2276,26 October 1969
2280,November 1963
2283,30 November 2000
2284,11 April 1975
2285,19 January 1970
2286,15 November 2005
2288,21 May 2001
2291,7 July 1992
2292,11 October 1982
2293,8 October 1984
2296,25 September 1989
2300,11 May 2018
2301,13 October 2008
2303,23 May 2000
2304,23 February 2021
2305,27 September 2010
2307,August 1968
2308,20 May 1996
2309,15 February 1980
2310,7 May 2012
2311,19 January 1993
2312,30 June 1973
2313,September 1963
2314,7 September 1990
2315,17 April 1970
2316,10 November 1998
2318,23 June 1992
2320,10 September 1987
2321,6 May 1991
2323,2 December 1999
2324,25 February 2003
2325,9 September 1996
2329,10 April 2008
2332,18 October 2019
2333,4 June 1984
2336,11 November 1978
2337,5 October 1992
2339,1 October 1973
2340,14 November 1980
2341,4 December 1970
2342,24 December 2006
2343,10 April 2016
2344,7 July 1973
2345,22 June 2004
2346,May 1982
2347,24 February 2003
2349,19 July 1991
2350,May 1960
2351,28 February 1969
2352,25 February 1994
2353,19 July 2019
2355,27 June 2005
2356,December 1982
2357,6 September 2004
2358,30 April 1998
2364,24 October 1994
2365,29 March 2019
2366,22 February 2010
2367,19 January 1980
2369,30 November 1978
2372,18 September 2006
2376,1 April 1997
2379,1 May 1988
2381,30 October 1967
2383,12 October 1984
2384,June 1958
2385,17 December 2003
2386,23 March 1978
2388,28 October 1985
2389,18 May 1976
2390,June 1974
2396,November 1977
2397,14 September 2018
2398,25 April 1994
2400,6 January 1989
2402,April 1979
2403,25 February 1979
2404,24 March 1997
2406,17 February 2003
2410,15 June 1993
2411,23 September 1998
2412,29 August 2001
2413,8 August 1964
2414,October 1969
2415,11 December 2020
2418,11 January 2000
2419,12 May 1997
2421,25 May 1998
2423,1 November 2008
2425,26 June 1970
2426,17 August 1984
2428,23 April 1987
2429,3 September 2002
2430,January 1969
2431,6 October 2000
2432,1 October 1999
2435,April 1959
2438,15 May 1996
2439,25 January 2011
2440,5 May 2003
2442,2 September 1993
2443,22 August 2000
2444,29 April 1996
2445,13 March 2006
2446,25 November 1970
2448,19 January 2016
2449,28 June 1980
2451,18 July 1966
2454,18 April 1995
2458,October 1968
2459,7 December 1999
2462,23 July 2002
2463,30 January 1996
2464,20 November 2018
2465,October 1983
2466,13 July 1964
2467,24 May 1991
2469,10 October 2011
2470,30 May 2008
2472,26 March 1996
2475,25 November 1994
2476,25 June 2007
2477,26 November 2002
2478,19 March 1996
2480,15 February 2009
2483,January 1960
2487,8 August 1988
2488,17 October 2005
2491,3 November 1986
2492,15 February 1974
2493,5 February 1990
2497,30 April 2003
2498,8 October 2004
2504,14 March 1983
2505,2 September 1996
2506,7 March 2006
2509,25 September 1986
2510,26 April 2002
2511,19 September 1969
2512,19 August 2016
2513,4 September 1989
2514,10 March 1984
2516,1 October 1994
2517,31 August 1964
2518,3 August 1993
2519,18 December 2006
2520,19 August 1997
2522,12 December 1999
2524,25 January 1973
2525,11 June 1982
2527,17 May 2011
2528,5 October 1980
2530,March 1997
2532,July 1991
2533,18 October 2004
2534,13 May 2003
2535,January 1970
2538,16 May 2000
2541,30 April 2002
2544,May 1978
2545,1 April 1966
2546,February 1991
2550,October 1961
2553,March 1995
2554,6 June 2011
2555,5 March 2021
2557,15 January 1990
2558,8 September 1998
2559,3 April 2006
2560,4 February 2004
2561,13 February 1990
2564,29 April 1993
2568,25 October 1967
2569,25 October 1978
2570,29 January 1979
2571,22 August 2011
2574,16 December 1974
2576,23 September 2002
2578,24 November 1998
2579,September 2017
2581,27 October 2008
2583,31 October 1988
2584,3 November 2017
2585,31 January 2000
2586,25 November 2020
2587,9 September 2003
2588,11 May 1999
2589,5 July 1972
2592,3 January 1970
2593,20 August 2013
2595,April 2003
2597,5 October 2004
2600,3 April 1975
2602,21 January 1982
2603,22 January 2001
2607,1 October 1978
2615,June 1961
2616,4 March 2016
2619,18 February 2013
2620,21 June 1965
2622,February 1969
2625,28 September 2016
2627,7 August 1990
2628,7 September 1998
2631,12 May 1969
2633,18 December 2015
2634,26 February 1998
2635,14 May 1991
2636,19 April 1982
2638,15 May 2015
2639,21 September 1978
2642,9 February 1970
2644,12 September 1990
2646,13 April 1998
2647,July 1976
2648,7 February 1994
2649,4 July 2006
2650,7 July 1986
2651,16 October 2009
2652,8 October 2001
2653,6 July 1998
2655,14 October 1994
2656,31 December 2017
2662,3 September 1971
2663,1 July 1996
2665,24 February 2017
2668,18 September 2001
2669,June 1972
2670,14 June 1970
2671,25 February 2002
2672,August 1984
2673,25 September 1988
2674,13 September 1986
2675,8 September 1973
2677,November 1986
2682,15 May 1994
2684,16 February 1981
2687,July 1992
2688,3 January 2006
2692,2 April 2001
2693,2 November 1992
2694,8 November 1981
2695,3 September 2003
2697,24 November 2014
2698,October 1984
2699,4 October 1986
2701,26 May 1967
2703,7 July 1984
2705,26 October 2004
2706,4 December 2015
2707,18 February 1977
2709,19 September 1995
2713,29 March 1982
2714,August 1990
2715,23 February 2009
2716,28 July 2003
2717,12 December 1975
2718,10 November 1986
2719,29 March 1999
2721,20 June 1984
2722,11 February 2008
2723,June 1975
2724,19 June 2020
2726,13 September 2004
2727,27 June 1988
2729,29 September 2017
2730,October 1987
2731,November 1956
2735,February 1978
2736,28 October 2003
2738,8 May 2020
2741,9 October 1996
2743,November 1971
2744,24 August 2004
2745,13 January 2003
2746,21 February 2005
2751,15 November 1976
2752,8 December 2008
2754,25 March 1997
2755,10 September 2021
2756,September 1982
2760,10 March 1986
2766,5 January 1990
2767,29 March 2005
2768,12 July 1994
2769,10 March 1978
2770,26 June 2009
2771,13 March 1968
2773,9 December 2016
2775,22 June 1982
2780,5 April 2002
2781,23 January 2006
2784,20 September 1994
2785,15 December 2004
2786,23 July 1996
2787,1 December 1968
2788,22 February 2011
2789,30 October 1970
2790,29 September 1997
2792,24 August 1999
2793,30 May 1995
2794,17 November 1972
2795,2 August 2006
2796,4 March 1996
2801,24 March 1998
2806,22 June 1998
2807,8 October 1971
2809,6 January 1999
2810,15 January 1991
2811,27 March 1984
2813,24 August 1989
2814,23 May 1975
2815,October 1980
2816,15 September 1992
2818,7 February 1975
2820,2 April 1974
2822,19 April 2004
2823,5 May 1994
2825,18 August 2014
2826,October 2007
2829,7 December 2016
2830,14 September 2010
2833,28 February 1983
2834,31 October 1994
2836,8 September 1976
2837,21 October 2002
2838,17 October 1973
2839,28 February 2012
2841,29 July 2019
2842,1 November 1991
2848,7 June 1975
2851,21 September 1991
2854,March 1962
2855,1 September 1997
2856,1980
2857,29 May 2020
2859,10 October 2000
2860,31 May 2005
2862,20 December 2004
2864,10 October 1995
2870,9 March 2016
2872,October 1982
2873,24 October 1995
2874,1 April 1995
2875,31 October 2001
2876,26 January 1999
2877,5 November 1991
2879,24 February 1978
2880,2009
2884,15 January 1996
2886,28 August 2005
2887,20 May 2004
2888,16 June 2014
2890,January 1957
2892,March 1966
2893,24 June 1993
2894,12 November 2007
2895,13 September 1993
2896,12 May 1992
2897,26 August 2003
2902,2 April 2002
2904,June 1998
2913,16 November 1981
2914,22 June 1996
2921,9 March 1992
2922,14 July 1992
2923,March 1958
2924,16 June 1989
2925,9 September 1993
2926,5 March 1956
2927,12 March 1984
2928,22 July 2002
2931,November 1954
2933,April 2007
2939,10 November 2003
2940,July 1969
2942,23 March 1999
2943,27 October 1979
2946,10 July 1980
2949,2012
2952,23 December 1968
2954,January 1975
2956,June 1994
2958,27 September 1993
2959,6 April 1979
2962,3 May 1991
2966,29 December 1969
2968,30 October 1990
2969,June 1971
2970,29 July 1997
2971,22 February 1989
2973,29 April 2003
2974,20 July 1959
2976,1954
2978,4 February 1972
2979,3 February 1995
2980,7 February 2002
2981,11 July 1995
2982,February 2005
2983,12 September 1994
2987,23 May 1989
2989,6 September 1991
2990,17 November 2014
2991,10 December 2017
2994,November 1960
2996,8 April 2003
2999,11 October 2004
3000,25 August 2001
3005,29 June 1968
3006,9 June 2008
3007,4 October 2011
3008,7 September 1987
3009,24 March 1986
3010,May 1959
3011,23 April 2001
3015,30 January 1982
3017,27 October 2003
3019,24 January 2005
3022,1 July 1998
3023,1 September 1970
3024,15 November 2011
3027,11 September 2007
3028,10 June 2002
3029,4 November 1981
3030,7 September 1979
3031,3 November 1981
3032,February 2003
3036,1 February 1999
3038,5 March 1996
3040,5 November 1992
3044,19 October 1992
3045,20 July 1998
3048,2 September 2003
3049,27 July 1979
3050,28 June 2011
3051,6 August 1996
3054,7 October 2008
3058,30 April 1976
3059,16 April 1976
3062,4 March 1983
3066,27 October 1969
3069,15 August 1995
3070,14 October 1967
3071,15 March 1971
3080,21 August 2007
3081,31 January 1994
3082,22 April 1996
3084,17 March 2008
3087,28 April 1997
3090,21 February 1995
3092,June 1980
3095,20 July 2009
3096,16 June 2003
3097,9 February 2015
3098,1 October 1991
3100,10 April 2012
3102,May 1989
3103,30 August 1998
3104,April 1985
3106,September 1989
3108,July 1994
3111,6 February 1971
3114,6 November 2019
3115,19 January 2004
3116,1 November 1997
3119,25 May 2004
3121,25 May 2017
3124,22 June 2018
3125,17 January 2020
3126,7 May 2021
3127,20 April 1979
3128,1 October 2001
3130,17 November 1978
3131,29 March 1975
3136,23 March 2001
3139,13 June 2001
3140,24 February 1997
3141,10 December 1977
3143,3 October 1991
3144,1 June 1995
3145,1 November 2005
3152,21 February 2006
3154,17 February 1997
3155,22 November 2000
3156,April 1963
3157,8 July 2011
3161,22 July 1966
3162,11 April 1960
3163,27 November 2007
3164,1 April 1977
3165,18 August 2003
3168,28 May 1998
3169,1 September 2001
3180,30 August 1988
3181,5 November 1999
3182,2 October 2009
3184,May 1961
3185,22 November 1999
3188,8 March 2014
3189,26 November 1990
3190,1 August 1966
3191,5 June 2001
3194,4 November 2005
3195,December 1998
3196,20 September 2019
3198,21 April 1997
3199,15 November 2019
3201,22 September 2004
3203,1951
3204,21 April 2007
3205,15 September 1972
3206,1 June 2013
3210,18 June 1973
3212,26 June 2006
3213,22 June 2016
3217,2 November 1999
3218,10 February 1986
3221,15 June 2009
3223,19 September 2005
3224,24 October 2003
3228,12 April 1972
3229,February 1989
3232,February 1964
3233,16 October 2014
3238,27 October 1991
3239,5 September 2018
3242,15 January 2016
3243,7 October 2003
3244,7 November 1994
3246,22 November 2019
3248,August 1963
3251,21 August 2001
3253,8 August 2008
3257,2 May 1995
3261,24 April 1990
3262,29 November 1999
3264,February 2008
3265,June 1986
3268,23 May 2006
3269,23 September 2003
3271,14 June 1991
3272,27 November 2019
3277,13 December 2005
3278,February 1979
3280,3 April 2000
3282,30 March 2004
3284,18 December 2007
3285,11 March 2016
3290,May 2006
3291,12 June 1992
3292,7 November 1969
3295,2 August 1995
3300,12 April 1994
3301,24 September 2007
3302,2 October 2013
3304,15 May 1995
3306,27 July 1992
3307,27 October 2009
3308,20 February 1958
3310,24 September 1990
3314,17 February 2006
3315,20 June 1969
3321,3 July 1968
3324,17 July 2020
3325,1 November 1981
3328,4 March 1998
3331,8 June 1999
3337,20 August 1975
3338,25 May 2015
3340,22 July 2020
3341,15 July 2015
3342,19 August 1996
3346,26 July 1971
3347,July 1995
3349,18 February 1989
3350,23 November 2010
3353,9 December 2009
3355,9 August 1996
3356,25 April 1979
3358,30 March 1990
3363,21 September 2009
3368,21 March 2001
3370,5 April 2005
3371,12 September 2005
3372,11 April 1970
3374,February 1957
3375,30 September 2021
3378,4 November 1986
3379,7 July 1998
3385,July 1982
3389,27 May 1965
3393,21 March 2016
3396,19 June 1990
3398,22 September 2006
3402,21 March 1977
3403,17 November 1994
3404,5 March 2001
3407,22 November 2011
3408,2 May 2000
3411,21 September 1998
3412,3 March 1972
3413,15 April 1983
3415,12 May 2009
3416,26 September 2003
3417,May 1965
3421,25 November 2002
3430,7 October 2013
3432,7 February 2014
3433,1 October 2013
3434,13 November 1981
3437,22 January 1996
3439,24 November 1967
3441,25 March 2002
3442,27 January 1986
3443,17 September 1984
3446,25 July 2000
3447,20 January 1972
3448,23 March 1995
3449,December 1975
3453,10 April 2020
3455,1 January 2010
3456,5 October 1968
3461,25 August 1992
3465,2 October 2014
3467,25 September 1982
3469,13 August 1996
3472,21 November 1981
3473,3 November 2006
3474,5 May 2009
3476,5 September 1995
3484,2 November 2004
3487,11 June 1993
3489,17 September 2020
3490,18 March 1995
3491,25 May 1987
3492,16 February 1988
3497,15 September 1997
3498,5 April 2017
3499,20 April 2012
3506,25 October 2001
3507,October 1963
3508,September 1991
3513,February 1997
3514,2 July 2011
3515,6 August 2007
3516,30 March 2018
3517,30 April 1984
3520,24 March 1992
3521,28 February 2005
3522,16 June 2009
3528,12 June 1989
3530,6 April 1974
3532,20 March 1987
3537,25 February 1977
3540,18 April 1977
3542,12 May 1999
3543,3 December 1976
3545,24 June 2003
3546,19 September 2006
3547,1 April 1980
3549,16 January 1972
3550,23 July 2001
3552,16 August 1980
3553,5 September 2005
3555,21 January 2015
3556,3 October 2006
3557,24 November 1969
3559,April 1983
3565,13 September 2011
3568,27 February 1990
3571,3 June 2011
3573,14 April 1997
3574,30 May 1981
3575,September 1977
3577,8 April 2016
3579,23 August 2013
3580,28 August 1974
3586,11 June 1996
3591,26 September 2000
3595,1 May 1976
3597,November 1962
3601,22 September 1978
3603,12 March 1990
3604,3 February 2003
3605,23 February 1993
3608,3 January 1971
3610,11 June 2001
3612,9 May 1995
3616,6 December 2005
3617,25 February 2013
3619,30 October 1987
3620,7 November 1980
3623,1 May 1983
3624,19 May 2003
3628,February 1988
3629,5 September 2007
3630,5 September 2000
3634,December 2000
3635,22 May 1986
3636,25 August 1995
3637,30 September 1994
3638,October 1955
3642,10 November 2006
3645,1 July 2004
3646,10 October 2012
3647,February 1968
3648,May 1987
3649,1 March 1991
3650,June 1969
3654,June 1995
3655,23 October 1996
3657,2 October 1970
3658,21 November 1983
3659,14 October 1957
3660,9 March 2005
3661,17 August 1998
3662,13 November 2006
3668,3 June 2002
3669,27 July 1973
3671,28 September 1999
3673,10 February 2006
3674,20 January 2010
3675,September 1997
3677,21 June 2005
3678,July 1986
3680,26 March 2002
3681,8 September 2009
3685,24 May 2004
3686,7 March 1970
3687,31 August 2012
3690,24 September 1969
3693,6 April 1999
3695,21 March 2000
3697,July 1979
3698,May 1988
3699,11 April 2008
3705,18 June 2001
3706,20 May 2013
3713,25 January 2005
3714,14 November 2016
3715,2 October 1979
3717,25 August 2008
3719,17 October 2001
3721,17 February 1967
3723,9 February 1996
3724,6 December 1977
3725,13 September 1990
3727,20 October 2017
3728,22 January 2003
3730,6 October 2014
3732,21 February 1992
3733,8 June 2004
3734,11 April 2018
3735,15 October 1974
3736,20 October 1995
3740,November 1995
3741,17 July 1974
3742,16 August 1999
3745,March 1981
3750,5 January 2010
3752,25 August 1976
3753,8 October 1981
3754,20 July 2004
3755,September 1996
3756,17 February 1986
3757,17 April 1992
3759,18 April 2005
3760,5 May 2014
3761,8 June 1982
3762,3 August 1987
3764,November 2014
3765,17 April 2009
3771,5 September 1997
3772,15 December 2009
3777,12 June 1993
3778,September 1995
3779,3 March 2001
3783,June 1947
3785,9 October 2009
3787,24 November 2008
3791,27 March 2007
3792,12 December 1983
3795,25 November 1978
3796,13 November 2015
3797,26 February 2002
3799,18 January 1994
3800,25 April 2006
3803,28 April 2012
3804,12 April 1984
3806,23 November 2018
3807,10 April 2006
3808,September 1990
3811,13 September 1999
3813,26 February 2007
3816,25 November 2016
3818,25 August 1987
3821,26 July 1973
3822,17 November 1976
3823,24 April 2020
3824,18 August 2008
3825,4 November 1987
3827,2 August 2004
3828,8 February 1980
3829,26 April 2000
3831,29 March 2004
3835,11 May 1993
3836,1 October 2021
3839,30 April 1974
3846,25 November 2004
3847,17 June 1997
3848,15 August 1993
3849,9 February 1994
3854,29 April 2019
3855,26 September 1994
3858,27 September 1976
3862,4 February 1991
3863,21 October 2016
3865,3 November 2003
3866,1 January 1999
3867,29 May 2009
3868,3 June 1985
3869,11 March 1994
3871,11 September 2009
3872,February 1962
3873,15 June 2005
3878,4 May 2004
3879,17 June 2007
3880,8 December 2014
3881,6 May 1957
3882,3 June 2003
3884,20 January 2015
3886,1 February 2005
3889,June 1983
3890,13 August 1991
3891,8 August 2010
3894,20 April 1970
3896,21 June 2010
3897,25 June 1990
3899,26 October 1967
3903,4 May 1990
3906,25 April 2000
3907,May 1966
3909,19 January 2015
3910,10 June 1997
3911,10 March 1997
3912,5 May 2017
3913,7 August 2015
3916,17 September 1979
3917,20 May 1997
3919,21 June 2017
3922,24 February 1999
3924,13 April 1991
3925,April 1996
3931,10 April 1974
3933,9 February 1988
3934,6 October 1997
3939,7 October 1999
3940,28 August 2000
3943,24 August 2016
3945,22 August 1964
3949,27 May 1983
3950,14 February 2005
3952,3 November 2014
3953,24 March 2003
3956,21 May 2007
3957,8 October 2002
3958,1 October 2007
3959,22 June 2015
3960,8 December 2004
3961,20 March 2000
3962,2 June 2017
3963,16 March 1979
3964,20 September 1991
3967,22 August 2007
3968,22 February 2005
3969,19 February 1996
3972,May 1984
3973,9 May 1980
3979,28 October 1977
3981,May 1980
3982,2 September 2013
3983,3 October 1990
3984,1 July 2001
3985,16 January 2008
3986,February 1984
3987,25 March 2008
3989,25 February 1978
3990,21 May 1991
3993,January 1976
3994,19 September 2000
3996,6 July 1992
3998,17 November 2017
4000,1 February 2000
4001,2 April 1992
4006,October 2010
4007,April 1992
4008,16 February 1996
4009,6 March 2020
4010,December 2005
4011,22 March 2011
4012,5 February 2009
4013,22 October 1997
4014,1 June 1999
4015,13 November 2007
4022,4 February 2001
4026,12 October 1987
4027,August 2006
4030,15 September 1986
4032,September 2012
4036,19 May 2016
4038,1953
4040,26 May 1997
4041,7 February 2003
4042,September 1994
4044,4 May 2010
4045,23 May 2005
4046,29 February 2016
4048,21 June 2004
4055,30 April 2006
4057,22 February 1982
4060,January 1993
4061,25 March 1984
4065,23 November 1992
4067,1 April 1974
4068,17 October 1980
4069,November 1976
4071,2 May 1996
4076,22 June 1973
4077,10 November 1996
4078,21 July 1972
4086,15 February 2000
4087,20 November 1970
4088,22 March 2005
4091,August 1980
4092,11 June 1991
4094,16 August 2004
4097,20 May 1998
4109,28 November 2004
4110,11 April 1969
4112,1 October 2002
4114,15 October 2001
4121,17 May 2005
4122,29 March 2010
4123,15 September 2017
4124,5 February 2006
4125,14 May 1984
4126,11 February 1973
4127,23 October 1967
4128,14 May 1996
4130,28 April 1993
4133,29 November 1988
4135,10 November 1973
4137,July 2000
4140,21 December 2015
4141,25 June 2014
4145,February 1987
4147,June 1963
4150,10 June 1985
4151,14 March 1988
4152,18 February 2014
4153,3 May 1976
4157,11 January 1984
4158,13 December 1971
4161,21 November 1977
4162,11 November 2002
4168,29 September 2003
4170,19 December 2020
4171,3 April 2007
4173,24 December 2016
4174,2 February 2001
4175,30 April 2013
4176,24 March 1982
4178,17 March 2003
4180,30 August 1993
4181,4 May 1981
4182,22 February 2013
4183,4 March 1985
4185,25 September 1994
4187,January 1992
4189,25 November 2005
4190,29 April 2013
4194,21 February 1998
4195,10 August 1974
4198,20 June 1995
4199,17 July 2018
4204,30 June 2017
4205,12 October 1998
4207,26 November 1998
4209,1 November 1990
4210,24 October 1975
4216,June 1999
4219,24 April 2000
4222,17 July 1990
4227,12 March 1996
4230,14 September 1996
4231,10 October 2005
4234,9 October 1992
4235,May 1992
4236,25 August 1969
4239,25 December 2001
4248,1 February 1994
4251,21 August 1990
4260,15 August 1988
4261,18 July 1989
4263,17 May 2004
4267,28 June 2004
4268,1 November 2004
4273,June 1954
4277,18 August 1980
4279,18 March 2009
4282,6 March 2000
4284,28 January 2003
4285,24 April 1970
4287,April 2008
4288,19 March 2002
4290,11 September 2012
4293,3 August 1970
4296,23 April 1991
4299,18 May 2009
4301,1 June 1982
4302,7 April 1997
4304,30 August 1968
4306,31 August 2005
4308,1 March 2013
4309,4 September 1990
4312,24 April 2007
4316,October 1962
4318,18 November 1976
4319,3 July 2000
4320,May 1979
4321,14 March 1989
4323,10 September 2001
4326,28 April 1982
4327,10 January 2005
4332,3 May 1992
4336,18 December 2020
4339,6 November 2012
4340,16 October 2015
4343,5 September 2009
4344,9 March 1998
4345,22 December 2020
4356,21 December 1977
4357,January 1989
4368,17 September 2021
4369,3 April 2020
4372,17 November 2008
4373,22 June 2010
4374,26 September 2005
4375,9 June 2001
4376,19 November 2010
4382,30 October 2000
4386,4 July 2004
4390,27 March 2003
4392,November 1979
4393,November 2000
4396,6 July 2004
4397,12 July 1993
4400,28 May 2021
4401,11 August 2003
4403,19 January 1987
4404,5 June 2006
4405,5 October 1981
4406,29 June 1996
4411,12 September 2008
4419,6 June 2005
4422,14 April 2017
4427,21 July 1987
4429,13 May 1979
4430,7 September 2009
4431,2 March 1984
4432,26 May 1998
4437,19 June 2009
4439,29 October 2010
4445,August 1995
4446,14 June 2006
4455,4 February 1983
4457,22 July 1968
4458,29 March 2016
4463,1 August 2012
4466,10 September 1979
4468,15 September 2000
4469,13 May 2009
4473,19 October 2016
4474,1 July 2002
4476,6 December 1999
4478,31 August 1998
4481,29 October 2002
4482,2 April 2021
4483,4 September 1982
4484,25 April 1955
4486,11 June 1990
4487,7 December 1998
4488,14 December 1993
4490,26 February 2008
4491,28 March 2011
4492,4 February 1986
4495,22 June 1993
4497,9 August 2011
4507,7 August 2013
4508,24 February 2004
4510,21 March 2006
4515,19 August 1988
4517,28 May 2002
4518,24 July 1990
4519,10 March 2017
4520,9 June 2009
4521,15 March 1980
4523,7 November 2014
4530,25 August 1999
4531,6 January 2000
4534,16 April 1991
4536,1 July 1985
4538,1 December 2000
4541,18 April 1962
4544,6 February 2013
4546,29 November 1993
4550,24 May 1983
4551,31 May 1988
4555,23 June 1967
4557,16 October 2000
4561,17 September 1991
4564,9 June 2017
4565,16 September 2016
4567,28 July 1998
4569,3 January 2014
4575,6 May 2003
4582,18 April 2011
4583,12 December 1986
4584,23 May 1980
4585,21 February 1986
4586,8 April 1972
4587,27 April 1993
4590,21 April 1984
4591,1 February 1989
4592,September 1962
4594,6 November 2015
4596,10 July 2007
4597,5 July 1968
4598,December 1981
4599,19 April 1993
4600,29 June 1999
4602,10 February 1985
4604,25 June 1974
4605,6 September 2005
4607,25 February 1991
4609,21 November 2008
4612,6 April 2004
4614,12 May 1995
4618,17 January 1995
4619,May 1983
4621,2014
4622,21 September 2001
4623,18 June 1976
4627,January 1995
4632,18 September 1977
4633,19 February 1980
4637,19 November 2007
4638,11 September 2000
4639,6 October 2003
4640,1 November 2019
4641,29 November 1967
4642,17 November 1992
4643,February 1977
4646,23 August 2005
4649,17 July 1980
4650,11 October 1977
4653,September 1988
4657,May 1998
4661,5 August 2011
4662,18 September 1998
4665,May 1995
4669,15 October 1996
4670,10 September 1996
4671,27 January 2003
4679,21 January 1987
4681,21 October 1998
4682,18 September 1971
4683,21 May 1972
4685,12 November 2020
4686,August 1994
4687,28 December 1999
4688,24 September 1984
4689,30 March 1982
4690,1 January 1979
4691,29 October 1982
4692,31 May 1999
4693,26 April 2013
4695,23 November 1990
4696,December 1955
4697,2 October 2007
4699,14 June 1990
4702,March 1991
4703,23 February 1998
4705,24 September 1999
4706,24 September 1995
4710,13 October 1978
4712,26 October 1994
4713,3 February 2013
4714,2 November 1989
4716,4 June 1983
4717,11 November 2008
4718,27 June 1989
4720,15 May 1981
4723,24 August 2007
4724,24 November 2000
4734,9 March 1979
4736,31 May 1978
4739,30 May 2019
4746,14 April 2008
4754,4 July 2007
4755,16 March 2006
4757,10 September 2004
4758,2 September 1957
4760,June 1991
4761,May 1985
4763,23 October 2001
4769,25 April 2005
4770,2 November 2007
4773,28 April 1988
4774,25 July 1994
4777,27 April 1981
4780,14 November 1989
4782,15 July 1968
4786,1 November 1968
4787,April 1997
4788,October 1979
4790,18 March 2003
4793,23 November 2009
4801,May 2005
4803,17 July 2015
4804,4 June 2021
4807,17 October 1977
4809,26 March 1990
4810,18 May 1993
4811,22 September 1995
4814,August 1985
4819,18 May 1970
4821,14 July 2009
4822,16 April 2012
4823,4 January 1996
4825,19 July 1985
4831,18 July 2000
4833,19 May 1998
4834,28 June 1974
4837,31 March 2008
4839,17 December 1994
4854,August 1961
4855,June 1985
4856,6 February 2002
4857,5 July 1983
4860,14 January 2014
4864,29 August 1980
4868,May 1967
4870,28 March 1994
4873,20 May 2014
4875,31 October 1977
4876,9 September 1997
4881,17 June 1983
4884,6 November 2007
4889,May 2002
4890,2 September 2006
4893,June 2008
4894,3 March 2004
4896,15 December 2002
4899,28 August 1988
4901,8 August 1980
4904,24 March 2008
4905,7 July 2005
4907,17 October 1966
4908,22 September 2017
4910,19 January 1997
4911,23 August 1988
4912,10 November 2020
4913,20 July 1969
4920,26 October 1979
4923,12 August 2008
4925,March 2003
4929,2007
4931,17 March 2006
4934,14 June 1989
4935,7 April 1987
4938,8 July 2009
4940,19 January 2005
4942,9 November 1984
4943,25 October 2011
4944,19 October 2009
4945,9 July 2013
4948,1 September 1998
4952,22 April 1985
4954,27 May 2011
4957,3 May 2006
4959,9 December 2003
4961,9 October 2007
4962,13 October 2009
4964,11 November 1974
4965,10 January 2006
4966,30 March 1979
4968,29 July 1983
4969,17 August 2004
4970,30 August 1985
4972,23 November 1988
4973,3 July 1990
4974,7 October 1996
4975,9 May 2000
4977,August 1991
4979,27 June 2008
4980,4 May 1973
4982,August 1977
4985,25 June 2002
4987,1 October 1980
4989,19 March 2013
4992,9 June 1979
4993,26 June 2014
4996,17 July 1970
4997,18 May 1998
5000,22 May 1975
